"C:/Users/Sean Mercer/Documents/GitHub/CardsForHumanity/Content/Maps/Map_MainMenu_BuiltData.uasset" 0
"C:/Users/Sean Mercer/Documents/GitHub/CardsForHumanity/Content/Maps/Map_MainMenu_BuiltData.uexp" 1
"C:/Users/Sean Mercer/Documents/GitHub/CardsForHumanity/Content/Maps/Map_MainMenu_BuiltData.ubulk" 2
"C:/Users/Sean Mercer/Documents/GitHub/CardsForHumanity/Content/Maps/Map_MainGame_BuiltData.uasset" 3
"C:/Users/Sean Mercer/Documents/GitHub/CardsForHumanity/Content/Maps/Map_MainGame_BuiltData.uexp" 4
"C:/Users/Sean Mercer/Documents/GitHub/CardsForHumanity/Content/Maps/Map_MainGame_BuiltData.ubulk" 5
"C:/Users/Sean Mercer/Documents/GitHub/CardsForHumanity/Content/Movies/Static_MP.uasset" 6
"C:/Users/Sean Mercer/Documents/GitHub/CardsForHumanity/Content/Movies/Static_MP.uexp" 7
"C:/Users/Sean Mercer/Documents/GitHub/CardsForHumanity/Content/Movies/Static_MP_Video.uasset" 8
"C:/Users/Sean Mercer/Documents/GitHub/CardsForHumanity/Content/Movies/Static_MP_Video.uexp" 9
"C:/Users/Sean Mercer/Documents/GitHub/CardsForHumanity/Content/Movies/Static_MP_Video_Mat.uasset" 10
"C:/Users/Sean Mercer/Documents/GitHub/CardsForHumanity/Content/Movies/Static_MP_Video_Mat.uexp" 11
"C:/Users/Sean Mercer/Documents/GitHub/CardsForHumanity/Content/Movies/Static.uasset" 12
"C:/Users/Sean Mercer/Documents/GitHub/CardsForHumanity/Content/Movies/Static.uexp" 13
"C:/Users/Sean Mercer/Documents/GitHub/CardsForHumanity/Content/Networking/Widgets/Widget_MonitorStatic.uasset" 14
"C:/Users/Sean Mercer/Documents/GitHub/CardsForHumanity/Content/Networking/Widgets/Widget_MonitorStatic.uexp" 15
"C:/Users/Sean Mercer/Documents/GitHub/CardsForHumanity/Content/Fonts/IconFont/IconFont.uasset" 16
"C:/Users/Sean Mercer/Documents/GitHub/CardsForHumanity/Content/Fonts/IconFont/IconFont.uexp" 17
"C:/Users/Sean Mercer/Documents/GitHub/CardsForHumanity/Content/Fonts/IconFont/IconFont.ufont" 18
"C:/Users/Sean Mercer/Documents/GitHub/CardsForHumanity/Content/Fonts/IconFont/IconFont_Font.uasset" 19
"C:/Users/Sean Mercer/Documents/GitHub/CardsForHumanity/Content/Fonts/IconFont/IconFont_Font.uexp" 20
"C:/Users/Sean Mercer/Documents/GitHub/CardsForHumanity/Content/Fonts/CAH_SimilarFont_2/Muli-Semi-BoldItalic.uasset" 21
"C:/Users/Sean Mercer/Documents/GitHub/CardsForHumanity/Content/Fonts/CAH_SimilarFont_2/Muli-Semi-BoldItalic.uexp" 22
"C:/Users/Sean Mercer/Documents/GitHub/CardsForHumanity/Content/Fonts/CAH_SimilarFont_2/Muli-Semi-BoldItalic.ufont" 23
"C:/Users/Sean Mercer/Documents/GitHub/CardsForHumanity/Content/Fonts/CAH_SimilarFont_2/Muli-LightItalic.uasset" 24
"C:/Users/Sean Mercer/Documents/GitHub/CardsForHumanity/Content/Fonts/CAH_SimilarFont_2/Muli-LightItalic.uexp" 25
"C:/Users/Sean Mercer/Documents/GitHub/CardsForHumanity/Content/Fonts/CAH_SimilarFont_2/Muli-LightItalic.ufont" 26
"C:/Users/Sean Mercer/Documents/GitHub/CardsForHumanity/Content/Fonts/CAH_SimilarFont_2/Muli-Light.uasset" 27
"C:/Users/Sean Mercer/Documents/GitHub/CardsForHumanity/Content/Fonts/CAH_SimilarFont_2/Muli-Light.uexp" 28
"C:/Users/Sean Mercer/Documents/GitHub/CardsForHumanity/Content/Fonts/CAH_SimilarFont_2/Muli-Light.ufont" 29
"C:/Users/Sean Mercer/Documents/GitHub/CardsForHumanity/Content/Fonts/CAH_SimilarFont_2/Muli-Italic.uasset" 30
"C:/Users/Sean Mercer/Documents/GitHub/CardsForHumanity/Content/Fonts/CAH_SimilarFont_2/Muli-Italic.uexp" 31
"C:/Users/Sean Mercer/Documents/GitHub/CardsForHumanity/Content/Fonts/CAH_SimilarFont_2/Muli-Italic.ufont" 32
"C:/Users/Sean Mercer/Documents/GitHub/CardsForHumanity/Content/Fonts/CAH_SimilarFont_2/Muli-ExtraLightItalic.uasset" 33
"C:/Users/Sean Mercer/Documents/GitHub/CardsForHumanity/Content/Fonts/CAH_SimilarFont_2/Muli-ExtraLightItalic.uexp" 34
"C:/Users/Sean Mercer/Documents/GitHub/CardsForHumanity/Content/Fonts/CAH_SimilarFont_2/Muli-ExtraLightItalic.ufont" 35
"C:/Users/Sean Mercer/Documents/GitHub/CardsForHumanity/Content/Fonts/CAH_SimilarFont_2/Muli-ExtraLight.uasset" 36
"C:/Users/Sean Mercer/Documents/GitHub/CardsForHumanity/Content/Fonts/CAH_SimilarFont_2/Muli-ExtraLight.uexp" 37
"C:/Users/Sean Mercer/Documents/GitHub/CardsForHumanity/Content/Fonts/CAH_SimilarFont_2/Muli-ExtraLight.ufont" 38
"C:/Users/Sean Mercer/Documents/GitHub/CardsForHumanity/Content/Fonts/CAH_SimilarFont_2/Muli-BoldItalic.uasset" 39
"C:/Users/Sean Mercer/Documents/GitHub/CardsForHumanity/Content/Fonts/CAH_SimilarFont_2/Muli-BoldItalic.uexp" 40
"C:/Users/Sean Mercer/Documents/GitHub/CardsForHumanity/Content/Fonts/CAH_SimilarFont_2/Muli-BoldItalic.ufont" 41
"C:/Users/Sean Mercer/Documents/GitHub/CardsForHumanity/Content/Fonts/CAH_SimilarFont_2/Muli-Bold.uasset" 42
"C:/Users/Sean Mercer/Documents/GitHub/CardsForHumanity/Content/Fonts/CAH_SimilarFont_2/Muli-Bold.uexp" 43
"C:/Users/Sean Mercer/Documents/GitHub/CardsForHumanity/Content/Fonts/CAH_SimilarFont_2/Muli-Bold.ufont" 44
"C:/Users/Sean Mercer/Documents/GitHub/CardsForHumanity/Content/Fonts/CAH_SimilarFont_2/Muli.uasset" 45
"C:/Users/Sean Mercer/Documents/GitHub/CardsForHumanity/Content/Fonts/CAH_SimilarFont_2/Muli.uexp" 46
"C:/Users/Sean Mercer/Documents/GitHub/CardsForHumanity/Content/Fonts/CAH_SimilarFont_2/Muli.ufont" 47
"C:/Users/Sean Mercer/Documents/GitHub/CardsForHumanity/Content/Fonts/CAH_SimilarFont_2/Muli-SemiBold.uasset" 48
"C:/Users/Sean Mercer/Documents/GitHub/CardsForHumanity/Content/Fonts/CAH_SimilarFont_2/Muli-SemiBold.uexp" 49
"C:/Users/Sean Mercer/Documents/GitHub/CardsForHumanity/Content/Fonts/CAH_SimilarFont_2/Muli-SemiBold.ufont" 50
"C:/Users/Sean Mercer/Documents/GitHub/CardsForHumanity/Content/Fonts/CAH_SimilarFont_2/Muli_Font.uasset" 51
"C:/Users/Sean Mercer/Documents/GitHub/CardsForHumanity/Content/Fonts/CAH_SimilarFont_2/Muli_Font.uexp" 52
"../../../Engine/Content/EngineFonts/Faces/DroidSansMono.uasset" 53
"../../../Engine/Content/EngineFonts/Faces/DroidSansMono.uexp" 54
"../../../Engine/Content/EngineFonts/Faces/DroidSansMono.ufont" 55
"../../../Engine/Content/EngineFonts/Faces/DroidSansFallback.uasset" 56
"../../../Engine/Content/EngineFonts/Faces/DroidSansFallback.uexp" 57
"../../../Engine/Content/EngineFonts/Faces/DroidSansFallback.ufont" 58
"../../../Engine/Content/EngineFonts/DroidSansMono.uasset" 59
"../../../Engine/Content/EngineFonts/DroidSansMono.uexp" 60
"C:/Users/Sean Mercer/Documents/GitHub/CardsForHumanity/Content/Networking/Widgets/Widget_ErrorMessage.uasset" 61
"C:/Users/Sean Mercer/Documents/GitHub/CardsForHumanity/Content/Networking/Widgets/Widget_ErrorMessage.uexp" 62
"C:/Users/Sean Mercer/Documents/GitHub/CardsForHumanity/Content/Data/S_WhiteDetailed.uasset" 63
"C:/Users/Sean Mercer/Documents/GitHub/CardsForHumanity/Content/Data/S_WhiteDetailed.uexp" 64
"C:/Users/Sean Mercer/Documents/GitHub/CardsForHumanity/Content/Data/S_BlackCard.uasset" 65
"C:/Users/Sean Mercer/Documents/GitHub/CardsForHumanity/Content/Data/S_BlackCard.uexp" 66
"C:/Users/Sean Mercer/Documents/GitHub/CardsForHumanity/Content/Data/S_BlackDetailed.uasset" 67
"C:/Users/Sean Mercer/Documents/GitHub/CardsForHumanity/Content/Data/S_BlackDetailed.uexp" 68
"C:/Users/Sean Mercer/Documents/GitHub/CardsForHumanity/Content/Data/S_MasterDeck.uasset" 69
"C:/Users/Sean Mercer/Documents/GitHub/CardsForHumanity/Content/Data/S_MasterDeck.uexp" 70
"C:/Users/Sean Mercer/Documents/GitHub/CardsForHumanity/Content/Materials-Textures/Black.uasset" 71
"C:/Users/Sean Mercer/Documents/GitHub/CardsForHumanity/Content/Materials-Textures/Black.uexp" 72
"C:/Users/Sean Mercer/Documents/GitHub/CardsForHumanity/Content/Meshes/deck.uasset" 73
"C:/Users/Sean Mercer/Documents/GitHub/CardsForHumanity/Content/Meshes/deck.uexp" 74
"C:/Users/Sean Mercer/Documents/GitHub/CardsForHumanity/Content/Materials-Textures/CardColors/ReaderCardColor.uasset" 75
"C:/Users/Sean Mercer/Documents/GitHub/CardsForHumanity/Content/Materials-Textures/CardColors/ReaderCardColor.uexp" 76
"C:/Users/Sean Mercer/Documents/GitHub/CardsForHumanity/Content/Materials-Textures/CardColors/ReaderCardColor_Inst.uasset" 77
"C:/Users/Sean Mercer/Documents/GitHub/CardsForHumanity/Content/Materials-Textures/CardColors/ReaderCardColor_Inst.uexp" 78
"../../../Engine/Content/EngineMaterials/BlendFunc_DefBlend.uasset" 79
"../../../Engine/Content/EngineMaterials/BlendFunc_DefBlend.uexp" 80
"../../../Engine/Content/EngineMaterials/BlendFunc_DefBase.uasset" 81
"../../../Engine/Content/EngineMaterials/BlendFunc_DefBase.uexp" 82
"../../../Engine/Content/Functions/Engine_MaterialFunctions03/Blends/Blend_ColorDodge.uasset" 83
"../../../Engine/Content/Functions/Engine_MaterialFunctions03/Blends/Blend_ColorDodge.uexp" 84
"../../../Engine/Content/Functions/Engine_MaterialFunctions02/Utility/VectorLength.uasset" 85
"../../../Engine/Content/Functions/Engine_MaterialFunctions02/Utility/VectorLength.uexp" 86
"../../../Engine/Content/Functions/Engine_MaterialFunctions01/Gradient/GeneratedRoundRect.uasset" 87
"../../../Engine/Content/Functions/Engine_MaterialFunctions01/Gradient/GeneratedRoundRect.uexp" 88
"C:/Users/Sean Mercer/Documents/GitHub/CardsForHumanity/Content/Unlockables/FontColors/PlayerFonts/MetallicFonts/Font_Metallic_Parent.uasset" 89
"C:/Users/Sean Mercer/Documents/GitHub/CardsForHumanity/Content/Unlockables/FontColors/PlayerFonts/MetallicFonts/Font_Metallic_Parent.uexp" 90
"C:/Users/Sean Mercer/Documents/GitHub/CardsForHumanity/Content/Unlockables/FontColors/PlayerFonts/MetallicFonts/FontPlayer_Metallic_05.uasset" 91
"C:/Users/Sean Mercer/Documents/GitHub/CardsForHumanity/Content/Unlockables/FontColors/PlayerFonts/MetallicFonts/FontPlayer_Metallic_05.uexp" 92
"C:/Users/Sean Mercer/Documents/GitHub/CardsForHumanity/Content/Unlockables/FontColors/PlayerFonts/FancySchmancyFonts/UI_PlayerFontFancy_05.uasset" 93
"C:/Users/Sean Mercer/Documents/GitHub/CardsForHumanity/Content/Unlockables/FontColors/PlayerFonts/FancySchmancyFonts/UI_PlayerFontFancy_05.uexp" 94
"C:/Users/Sean Mercer/Documents/GitHub/CardsForHumanity/Content/Unlockables/FontColors/PlayerFonts/FancySchmancyFonts/UI_PlayerFontFancy_04.uasset" 95
"C:/Users/Sean Mercer/Documents/GitHub/CardsForHumanity/Content/Unlockables/FontColors/PlayerFonts/FancySchmancyFonts/UI_PlayerFontFancy_04.uexp" 96
"C:/Users/Sean Mercer/Documents/GitHub/CardsForHumanity/Content/Unlockables/FontColors/PlayerFonts/FancySchmancyFonts/UI_PlayerFontFancy_03.uasset" 97
"C:/Users/Sean Mercer/Documents/GitHub/CardsForHumanity/Content/Unlockables/FontColors/PlayerFonts/FancySchmancyFonts/UI_PlayerFontFancy_03.uexp" 98
"C:/Users/Sean Mercer/Documents/GitHub/CardsForHumanity/Content/Unlockables/FontColors/PlayerFonts/FontPlayer_Base.uasset" 99
"C:/Users/Sean Mercer/Documents/GitHub/CardsForHumanity/Content/Unlockables/FontColors/PlayerFonts/FontPlayer_Base.uexp" 100
"C:/Users/Sean Mercer/Documents/GitHub/CardsForHumanity/Content/Unlockables/FontColors/PlayerFonts/MetallicFonts/FontPlayer_Metallic_04.uasset" 101
"C:/Users/Sean Mercer/Documents/GitHub/CardsForHumanity/Content/Unlockables/FontColors/PlayerFonts/MetallicFonts/FontPlayer_Metallic_04.uexp" 102
"C:/Users/Sean Mercer/Documents/GitHub/CardsForHumanity/Content/Unlockables/FontColors/PlayerFonts/MetallicFonts/FontPlayer_Metallic_03.uasset" 103
"C:/Users/Sean Mercer/Documents/GitHub/CardsForHumanity/Content/Unlockables/FontColors/PlayerFonts/MetallicFonts/FontPlayer_Metallic_03.uexp" 104
"C:/Users/Sean Mercer/Documents/GitHub/CardsForHumanity/Content/Unlockables/FontColors/PlayerFonts/MetallicFonts/FontPlayer_Metallic_02.uasset" 105
"C:/Users/Sean Mercer/Documents/GitHub/CardsForHumanity/Content/Unlockables/FontColors/PlayerFonts/MetallicFonts/FontPlayer_Metallic_02.uexp" 106
"C:/Users/Sean Mercer/Documents/GitHub/CardsForHumanity/Content/Unlockables/FontColors/PlayerFonts/MetallicFonts/FontPlayer_Metallic_01.uasset" 107
"C:/Users/Sean Mercer/Documents/GitHub/CardsForHumanity/Content/Unlockables/FontColors/PlayerFonts/MetallicFonts/FontPlayer_Metallic_01.uexp" 108
"C:/Users/Sean Mercer/Documents/GitHub/CardsForHumanity/Content/Unlockables/FontColors/PlayerFonts/FontPlayer_010.uasset" 109
"C:/Users/Sean Mercer/Documents/GitHub/CardsForHumanity/Content/Unlockables/FontColors/PlayerFonts/FontPlayer_010.uexp" 110
"C:/Users/Sean Mercer/Documents/GitHub/CardsForHumanity/Content/Unlockables/FontColors/PlayerFonts/FontPlayer_009.uasset" 111
"C:/Users/Sean Mercer/Documents/GitHub/CardsForHumanity/Content/Unlockables/FontColors/PlayerFonts/FontPlayer_009.uexp" 112
"C:/Users/Sean Mercer/Documents/GitHub/CardsForHumanity/Content/Unlockables/FontColors/PlayerFonts/FontPlayer_008.uasset" 113
"C:/Users/Sean Mercer/Documents/GitHub/CardsForHumanity/Content/Unlockables/FontColors/PlayerFonts/FontPlayer_008.uexp" 114
"C:/Users/Sean Mercer/Documents/GitHub/CardsForHumanity/Content/Unlockables/FontColors/PlayerFonts/FontPlayer_007.uasset" 115
"C:/Users/Sean Mercer/Documents/GitHub/CardsForHumanity/Content/Unlockables/FontColors/PlayerFonts/FontPlayer_007.uexp" 116
"C:/Users/Sean Mercer/Documents/GitHub/CardsForHumanity/Content/Unlockables/FontColors/PlayerFonts/FontPlayer_006.uasset" 117
"C:/Users/Sean Mercer/Documents/GitHub/CardsForHumanity/Content/Unlockables/FontColors/PlayerFonts/FontPlayer_006.uexp" 118
"C:/Users/Sean Mercer/Documents/GitHub/CardsForHumanity/Content/Unlockables/FontColors/PlayerFonts/FontPlayer_005.uasset" 119
"C:/Users/Sean Mercer/Documents/GitHub/CardsForHumanity/Content/Unlockables/FontColors/PlayerFonts/FontPlayer_005.uexp" 120
"C:/Users/Sean Mercer/Documents/GitHub/CardsForHumanity/Content/Unlockables/FontColors/PlayerFonts/FontPlayer_004.uasset" 121
"C:/Users/Sean Mercer/Documents/GitHub/CardsForHumanity/Content/Unlockables/FontColors/PlayerFonts/FontPlayer_004.uexp" 122
"C:/Users/Sean Mercer/Documents/GitHub/CardsForHumanity/Content/Unlockables/FontColors/PlayerFonts/FontPlayer_003.uasset" 123
"C:/Users/Sean Mercer/Documents/GitHub/CardsForHumanity/Content/Unlockables/FontColors/PlayerFonts/FontPlayer_003.uexp" 124
"C:/Users/Sean Mercer/Documents/GitHub/CardsForHumanity/Content/Unlockables/FontColors/PlayerFonts/FontPlayer_002.uasset" 125
"C:/Users/Sean Mercer/Documents/GitHub/CardsForHumanity/Content/Unlockables/FontColors/PlayerFonts/FontPlayer_002.uexp" 126
"C:/Users/Sean Mercer/Documents/GitHub/CardsForHumanity/Content/Unlockables/FontColors/PlayerFonts/FancySchmancyFonts/UI_PlayerFontFancy_02.uasset" 127
"C:/Users/Sean Mercer/Documents/GitHub/CardsForHumanity/Content/Unlockables/FontColors/PlayerFonts/FancySchmancyFonts/UI_PlayerFontFancy_02.uexp" 128
"C:/Users/Sean Mercer/Documents/GitHub/CardsForHumanity/Content/Unlockables/FontColors/PlayerFonts/FancySchmancyFonts/UI_PlayerFontFancy_01.uasset" 129
"C:/Users/Sean Mercer/Documents/GitHub/CardsForHumanity/Content/Unlockables/FontColors/PlayerFonts/FancySchmancyFonts/UI_PlayerFontFancy_01.uexp" 130
"C:/Users/Sean Mercer/Documents/GitHub/CardsForHumanity/Content/Unlockables/FontColors/PlayerFonts/FontPlayer_01.uasset" 131
"C:/Users/Sean Mercer/Documents/GitHub/CardsForHumanity/Content/Unlockables/FontColors/PlayerFonts/FontPlayer_01.uexp" 132
"C:/Users/Sean Mercer/Documents/GitHub/CardsForHumanity/Content/Fonts/CAH_SimilarFont/Inter-ThinItalic.uasset" 133
"C:/Users/Sean Mercer/Documents/GitHub/CardsForHumanity/Content/Fonts/CAH_SimilarFont/Inter-ThinItalic.uexp" 134
"C:/Users/Sean Mercer/Documents/GitHub/CardsForHumanity/Content/Fonts/CAH_SimilarFont/Inter-ThinItalic.ufont" 135
"C:/Users/Sean Mercer/Documents/GitHub/CardsForHumanity/Content/Fonts/CAH_SimilarFont/Inter-Thin.uasset" 136
"C:/Users/Sean Mercer/Documents/GitHub/CardsForHumanity/Content/Fonts/CAH_SimilarFont/Inter-Thin.uexp" 137
"C:/Users/Sean Mercer/Documents/GitHub/CardsForHumanity/Content/Fonts/CAH_SimilarFont/Inter-Thin.ufont" 138
"C:/Users/Sean Mercer/Documents/GitHub/CardsForHumanity/Content/Fonts/CAH_SimilarFont/Inter-SemiBoldItalic.uasset" 139
"C:/Users/Sean Mercer/Documents/GitHub/CardsForHumanity/Content/Fonts/CAH_SimilarFont/Inter-SemiBoldItalic.uexp" 140
"C:/Users/Sean Mercer/Documents/GitHub/CardsForHumanity/Content/Fonts/CAH_SimilarFont/Inter-SemiBoldItalic.ufont" 141
"C:/Users/Sean Mercer/Documents/GitHub/CardsForHumanity/Content/Fonts/CAH_SimilarFont/Inter-SemiBold.uasset" 142
"C:/Users/Sean Mercer/Documents/GitHub/CardsForHumanity/Content/Fonts/CAH_SimilarFont/Inter-SemiBold.uexp" 143
"C:/Users/Sean Mercer/Documents/GitHub/CardsForHumanity/Content/Fonts/CAH_SimilarFont/Inter-SemiBold.ufont" 144
"C:/Users/Sean Mercer/Documents/GitHub/CardsForHumanity/Content/Fonts/CAH_SimilarFont/Inter-Regular.uasset" 145
"C:/Users/Sean Mercer/Documents/GitHub/CardsForHumanity/Content/Fonts/CAH_SimilarFont/Inter-Regular.uexp" 146
"C:/Users/Sean Mercer/Documents/GitHub/CardsForHumanity/Content/Fonts/CAH_SimilarFont/Inter-Regular.ufont" 147
"C:/Users/Sean Mercer/Documents/GitHub/CardsForHumanity/Content/Fonts/CAH_SimilarFont/Inter-MediumItalic.uasset" 148
"C:/Users/Sean Mercer/Documents/GitHub/CardsForHumanity/Content/Fonts/CAH_SimilarFont/Inter-MediumItalic.uexp" 149
"C:/Users/Sean Mercer/Documents/GitHub/CardsForHumanity/Content/Fonts/CAH_SimilarFont/Inter-MediumItalic.ufont" 150
"C:/Users/Sean Mercer/Documents/GitHub/CardsForHumanity/Content/Fonts/CAH_SimilarFont/Inter-Medium.uasset" 151
"C:/Users/Sean Mercer/Documents/GitHub/CardsForHumanity/Content/Fonts/CAH_SimilarFont/Inter-Medium.uexp" 152
"C:/Users/Sean Mercer/Documents/GitHub/CardsForHumanity/Content/Fonts/CAH_SimilarFont/Inter-Medium.ufont" 153
"C:/Users/Sean Mercer/Documents/GitHub/CardsForHumanity/Content/Fonts/CAH_SimilarFont/Inter-LightItalic.uasset" 154
"C:/Users/Sean Mercer/Documents/GitHub/CardsForHumanity/Content/Fonts/CAH_SimilarFont/Inter-LightItalic.uexp" 155
"C:/Users/Sean Mercer/Documents/GitHub/CardsForHumanity/Content/Fonts/CAH_SimilarFont/Inter-LightItalic.ufont" 156
"C:/Users/Sean Mercer/Documents/GitHub/CardsForHumanity/Content/Fonts/CAH_SimilarFont/Inter-Light.uasset" 157
"C:/Users/Sean Mercer/Documents/GitHub/CardsForHumanity/Content/Fonts/CAH_SimilarFont/Inter-Light.uexp" 158
"C:/Users/Sean Mercer/Documents/GitHub/CardsForHumanity/Content/Fonts/CAH_SimilarFont/Inter-Light.ufont" 159
"C:/Users/Sean Mercer/Documents/GitHub/CardsForHumanity/Content/Fonts/CAH_SimilarFont/Inter-Italic.uasset" 160
"C:/Users/Sean Mercer/Documents/GitHub/CardsForHumanity/Content/Fonts/CAH_SimilarFont/Inter-Italic.uexp" 161
"C:/Users/Sean Mercer/Documents/GitHub/CardsForHumanity/Content/Fonts/CAH_SimilarFont/Inter-Italic.ufont" 162
"C:/Users/Sean Mercer/Documents/GitHub/CardsForHumanity/Content/Fonts/CAH_SimilarFont/Inter-ExtraLightItalic.uasset" 163
"C:/Users/Sean Mercer/Documents/GitHub/CardsForHumanity/Content/Fonts/CAH_SimilarFont/Inter-ExtraLightItalic.uexp" 164
"C:/Users/Sean Mercer/Documents/GitHub/CardsForHumanity/Content/Fonts/CAH_SimilarFont/Inter-ExtraLightItalic.ufont" 165
"C:/Users/Sean Mercer/Documents/GitHub/CardsForHumanity/Content/Fonts/CAH_SimilarFont/Inter-ExtraLight.uasset" 166
"C:/Users/Sean Mercer/Documents/GitHub/CardsForHumanity/Content/Fonts/CAH_SimilarFont/Inter-ExtraLight.uexp" 167
"C:/Users/Sean Mercer/Documents/GitHub/CardsForHumanity/Content/Fonts/CAH_SimilarFont/Inter-ExtraLight.ufont" 168
"C:/Users/Sean Mercer/Documents/GitHub/CardsForHumanity/Content/Fonts/CAH_SimilarFont/Inter-ExtraBoldItalic.uasset" 169
"C:/Users/Sean Mercer/Documents/GitHub/CardsForHumanity/Content/Fonts/CAH_SimilarFont/Inter-ExtraBoldItalic.uexp" 170
"C:/Users/Sean Mercer/Documents/GitHub/CardsForHumanity/Content/Fonts/CAH_SimilarFont/Inter-ExtraBoldItalic.ufont" 171
"C:/Users/Sean Mercer/Documents/GitHub/CardsForHumanity/Content/Fonts/CAH_SimilarFont/Inter-ExtraBold.uasset" 172
"C:/Users/Sean Mercer/Documents/GitHub/CardsForHumanity/Content/Fonts/CAH_SimilarFont/Inter-ExtraBold.uexp" 173
"C:/Users/Sean Mercer/Documents/GitHub/CardsForHumanity/Content/Fonts/CAH_SimilarFont/Inter-ExtraBold.ufont" 174
"C:/Users/Sean Mercer/Documents/GitHub/CardsForHumanity/Content/Fonts/CAH_SimilarFont/Inter-BoldItalic.uasset" 175
"C:/Users/Sean Mercer/Documents/GitHub/CardsForHumanity/Content/Fonts/CAH_SimilarFont/Inter-BoldItalic.uexp" 176
"C:/Users/Sean Mercer/Documents/GitHub/CardsForHumanity/Content/Fonts/CAH_SimilarFont/Inter-BoldItalic.ufont" 177
"C:/Users/Sean Mercer/Documents/GitHub/CardsForHumanity/Content/Fonts/CAH_SimilarFont/Inter-Bold.uasset" 178
"C:/Users/Sean Mercer/Documents/GitHub/CardsForHumanity/Content/Fonts/CAH_SimilarFont/Inter-Bold.uexp" 179
"C:/Users/Sean Mercer/Documents/GitHub/CardsForHumanity/Content/Fonts/CAH_SimilarFont/Inter-Bold.ufont" 180
"C:/Users/Sean Mercer/Documents/GitHub/CardsForHumanity/Content/Fonts/CAH_SimilarFont/Inter-BlackItalic.uasset" 181
"C:/Users/Sean Mercer/Documents/GitHub/CardsForHumanity/Content/Fonts/CAH_SimilarFont/Inter-BlackItalic.uexp" 182
"C:/Users/Sean Mercer/Documents/GitHub/CardsForHumanity/Content/Fonts/CAH_SimilarFont/Inter-BlackItalic.ufont" 183
"C:/Users/Sean Mercer/Documents/GitHub/CardsForHumanity/Content/Fonts/CAH_SimilarFont/Inter-Black.uasset" 184
"C:/Users/Sean Mercer/Documents/GitHub/CardsForHumanity/Content/Fonts/CAH_SimilarFont/Inter-Black.uexp" 185
"C:/Users/Sean Mercer/Documents/GitHub/CardsForHumanity/Content/Fonts/CAH_SimilarFont/Inter-Black.ufont" 186
"C:/Users/Sean Mercer/Documents/GitHub/CardsForHumanity/Content/Fonts/CAH_SimilarFont/Inter-Regular_Font.uasset" 187
"C:/Users/Sean Mercer/Documents/GitHub/CardsForHumanity/Content/Fonts/CAH_SimilarFont/Inter-Regular_Font.uexp" 188
"C:/Users/Sean Mercer/Documents/GitHub/CardsForHumanity/Content/Unlockables/FontColors/PlayerCardFontStruct.uasset" 189
"C:/Users/Sean Mercer/Documents/GitHub/CardsForHumanity/Content/Unlockables/FontColors/PlayerCardFontStruct.uexp" 190
"C:/Users/Sean Mercer/Documents/GitHub/CardsForHumanity/Content/Unlockables/PlayerCardColors/MetallicColors/MetallicPlayerCardColor.uasset" 191
"C:/Users/Sean Mercer/Documents/GitHub/CardsForHumanity/Content/Unlockables/PlayerCardColors/MetallicColors/MetallicPlayerCardColor.uexp" 192
"C:/Users/Sean Mercer/Documents/GitHub/CardsForHumanity/Content/Unlockables/PlayerCardColors/BasicColors/PlayerCardColor_010.uasset" 193
"C:/Users/Sean Mercer/Documents/GitHub/CardsForHumanity/Content/Unlockables/PlayerCardColors/BasicColors/PlayerCardColor_010.uexp" 194
"C:/Users/Sean Mercer/Documents/GitHub/CardsForHumanity/Content/Unlockables/PlayerCardColors/BasicColors/PlayerCardColor_009.uasset" 195
"C:/Users/Sean Mercer/Documents/GitHub/CardsForHumanity/Content/Unlockables/PlayerCardColors/BasicColors/PlayerCardColor_009.uexp" 196
"C:/Users/Sean Mercer/Documents/GitHub/CardsForHumanity/Content/Unlockables/PlayerCardColors/BasicColors/PlayerCardColor_008.uasset" 197
"C:/Users/Sean Mercer/Documents/GitHub/CardsForHumanity/Content/Unlockables/PlayerCardColors/BasicColors/PlayerCardColor_008.uexp" 198
"C:/Users/Sean Mercer/Documents/GitHub/CardsForHumanity/Content/Unlockables/PlayerCardColors/BasicColors/PlayerCardColor_007.uasset" 199
"C:/Users/Sean Mercer/Documents/GitHub/CardsForHumanity/Content/Unlockables/PlayerCardColors/BasicColors/PlayerCardColor_007.uexp" 200
"C:/Users/Sean Mercer/Documents/GitHub/CardsForHumanity/Content/Unlockables/PlayerCardColors/BasicColors/PlayerCardColor_006.uasset" 201
"C:/Users/Sean Mercer/Documents/GitHub/CardsForHumanity/Content/Unlockables/PlayerCardColors/BasicColors/PlayerCardColor_006.uexp" 202
"C:/Users/Sean Mercer/Documents/GitHub/CardsForHumanity/Content/Unlockables/PlayerCardColors/BasicColors/PlayerCardColor_005.uasset" 203
"C:/Users/Sean Mercer/Documents/GitHub/CardsForHumanity/Content/Unlockables/PlayerCardColors/BasicColors/PlayerCardColor_005.uexp" 204
"C:/Users/Sean Mercer/Documents/GitHub/CardsForHumanity/Content/Unlockables/PlayerCardColors/BasicColors/PlayerCardColor_004.uasset" 205
"C:/Users/Sean Mercer/Documents/GitHub/CardsForHumanity/Content/Unlockables/PlayerCardColors/BasicColors/PlayerCardColor_004.uexp" 206
"C:/Users/Sean Mercer/Documents/GitHub/CardsForHumanity/Content/Unlockables/PlayerCardColors/BasicColors/PlayerCardColor_003.uasset" 207
"C:/Users/Sean Mercer/Documents/GitHub/CardsForHumanity/Content/Unlockables/PlayerCardColors/BasicColors/PlayerCardColor_003.uexp" 208
"C:/Users/Sean Mercer/Documents/GitHub/CardsForHumanity/Content/Unlockables/PlayerCardColors/BasicColors/PlayerCardColor_002.uasset" 209
"C:/Users/Sean Mercer/Documents/GitHub/CardsForHumanity/Content/Unlockables/PlayerCardColors/BasicColors/PlayerCardColor_002.uexp" 210
"C:/Users/Sean Mercer/Documents/GitHub/CardsForHumanity/Content/Unlockables/PlayerCardColors/BasicColors/PlayerCardColor_001.uasset" 211
"C:/Users/Sean Mercer/Documents/GitHub/CardsForHumanity/Content/Unlockables/PlayerCardColors/BasicColors/PlayerCardColor_001.uexp" 212
"C:/Users/Sean Mercer/Documents/GitHub/CardsForHumanity/Content/Materials-Textures/CardColors/PlayerCardColorSwtich.uasset" 213
"C:/Users/Sean Mercer/Documents/GitHub/CardsForHumanity/Content/Materials-Textures/CardColors/PlayerCardColorSwtich.uexp" 214
"C:/Users/Sean Mercer/Documents/GitHub/CardsForHumanity/Content/Materials-Textures/CardColors/PlayerCardColorSwitch_Inst.uasset" 215
"C:/Users/Sean Mercer/Documents/GitHub/CardsForHumanity/Content/Materials-Textures/CardColors/PlayerCardColorSwitch_Inst.uexp" 216
"C:/Users/Sean Mercer/Documents/GitHub/CardsForHumanity/Content/Unlockables/FontColors/PlayerFonts/FontPlayer_001.uasset" 217
"C:/Users/Sean Mercer/Documents/GitHub/CardsForHumanity/Content/Unlockables/FontColors/PlayerFonts/FontPlayer_001.uexp" 218
"C:/Users/Sean Mercer/Documents/GitHub/CardsForHumanity/Content/Blueprints/CardStuff/Widget_CardText.uasset" 219
"C:/Users/Sean Mercer/Documents/GitHub/CardsForHumanity/Content/Blueprints/CardStuff/Widget_CardText.uexp" 220
"C:/Users/Sean Mercer/Documents/GitHub/CardsForHumanity/Content/Data/Libraries/BPFL_TextTools.uasset" 221
"C:/Users/Sean Mercer/Documents/GitHub/CardsForHumanity/Content/Data/Libraries/BPFL_TextTools.uexp" 222
"C:/Users/Sean Mercer/Documents/GitHub/CardsForHumanity/Content/Blueprints/CardStuff/Widget_DeckCreator_Wildcard.uasset" 223
"C:/Users/Sean Mercer/Documents/GitHub/CardsForHumanity/Content/Blueprints/CardStuff/Widget_DeckCreator_Wildcard.uexp" 224
"C:/Users/Sean Mercer/Documents/GitHub/CardsForHumanity/Content/Fonts/ChalkboardFont/ChalkboardArrows/Alphahate.uasset" 225
"C:/Users/Sean Mercer/Documents/GitHub/CardsForHumanity/Content/Fonts/ChalkboardFont/ChalkboardArrows/Alphahate.uexp" 226
"C:/Users/Sean Mercer/Documents/GitHub/CardsForHumanity/Content/Fonts/ChalkboardFont/ChalkboardArrows/Alphahate.ufont" 227
"C:/Users/Sean Mercer/Documents/GitHub/CardsForHumanity/Content/Fonts/ChalkboardFont/ChalkboardArrows/Alphahate_Font.uasset" 228
"C:/Users/Sean Mercer/Documents/GitHub/CardsForHumanity/Content/Fonts/ChalkboardFont/ChalkboardArrows/Alphahate_Font.uexp" 229
"C:/Users/Sean Mercer/Documents/GitHub/CardsForHumanity/Content/Data/S_ScoreCard.uasset" 230
"C:/Users/Sean Mercer/Documents/GitHub/CardsForHumanity/Content/Data/S_ScoreCard.uexp" 231
"C:/Users/Sean Mercer/Documents/GitHub/CardsForHumanity/Content/Blueprints/GameModes-Controller/MainGame/Widget_WildCardButton.uasset" 232
"C:/Users/Sean Mercer/Documents/GitHub/CardsForHumanity/Content/Blueprints/GameModes-Controller/MainGame/Widget_WildCardButton.uexp" 233
"../../../Engine/Content/Functions/Engine_MaterialFunctions01/Density/ExponentialDensity.uasset" 234
"../../../Engine/Content/Functions/Engine_MaterialFunctions01/Density/ExponentialDensity.uexp" 235
"../../../Engine/Content/Functions/Engine_MaterialFunctions01/Gradient/RadialGradientExponential.uasset" 236
"../../../Engine/Content/Functions/Engine_MaterialFunctions01/Gradient/RadialGradientExponential.uexp" 237
"C:/Users/Sean Mercer/Documents/GitHub/CardsForHumanity/Content/Materials-Textures/CardColors/ReaderCardUI.uasset" 238
"C:/Users/Sean Mercer/Documents/GitHub/CardsForHumanity/Content/Materials-Textures/CardColors/ReaderCardUI.uexp" 239
"C:/Users/Sean Mercer/Documents/GitHub/CardsForHumanity/Content/CardInformation/ReaderCard_Struct.uasset" 240
"C:/Users/Sean Mercer/Documents/GitHub/CardsForHumanity/Content/CardInformation/ReaderCard_Struct.uexp" 241
"C:/Users/Sean Mercer/Documents/GitHub/CardsForHumanity/Content/CardInformation/ThePoliticsNewsPack_ReaderCard_DataTable.uasset" 242
"C:/Users/Sean Mercer/Documents/GitHub/CardsForHumanity/Content/CardInformation/ThePoliticsNewsPack_ReaderCard_DataTable.uexp" 243
"C:/Users/Sean Mercer/Documents/GitHub/CardsForHumanity/Content/CardInformation/PlayerCard_Struct.uasset" 244
"C:/Users/Sean Mercer/Documents/GitHub/CardsForHumanity/Content/CardInformation/PlayerCard_Struct.uexp" 245
"C:/Users/Sean Mercer/Documents/GitHub/CardsForHumanity/Content/CardInformation/ThePoliticsNewsPack_PlayerCard_DataTable.uasset" 246
"C:/Users/Sean Mercer/Documents/GitHub/CardsForHumanity/Content/CardInformation/ThePoliticsNewsPack_PlayerCard_DataTable.uexp" 247
"C:/Users/Sean Mercer/Documents/GitHub/CardsForHumanity/Content/CardInformation/TheNSFWpack_ReaderCard_DataTable.uasset" 248
"C:/Users/Sean Mercer/Documents/GitHub/CardsForHumanity/Content/CardInformation/TheNSFWpack_ReaderCard_DataTable.uexp" 249
"C:/Users/Sean Mercer/Documents/GitHub/CardsForHumanity/Content/CardInformation/TheNSFWpack_PlayerCard_DataTable.uasset" 250
"C:/Users/Sean Mercer/Documents/GitHub/CardsForHumanity/Content/CardInformation/TheNSFWpack_PlayerCard_DataTable.uexp" 251
"C:/Users/Sean Mercer/Documents/GitHub/CardsForHumanity/Content/CardInformation/TheMediaPack_ReaderCard_DataTable.uasset" 252
"C:/Users/Sean Mercer/Documents/GitHub/CardsForHumanity/Content/CardInformation/TheMediaPack_ReaderCard_DataTable.uexp" 253
"C:/Users/Sean Mercer/Documents/GitHub/CardsForHumanity/Content/CardInformation/TheMediaPack_PlayerCard_DataTable.uasset" 254
"C:/Users/Sean Mercer/Documents/GitHub/CardsForHumanity/Content/CardInformation/TheMediaPack_PlayerCard_DataTable.uexp" 255
"C:/Users/Sean Mercer/Documents/GitHub/CardsForHumanity/Content/CardInformation/TheMasonPack_ReaderCard_DataTable.uasset" 256
"C:/Users/Sean Mercer/Documents/GitHub/CardsForHumanity/Content/CardInformation/TheMasonPack_ReaderCard_DataTable.uexp" 257
"C:/Users/Sean Mercer/Documents/GitHub/CardsForHumanity/Content/CardInformation/TheMasonPack_PlayerCard_DataTable.uasset" 258
"C:/Users/Sean Mercer/Documents/GitHub/CardsForHumanity/Content/CardInformation/TheMasonPack_PlayerCard_DataTable.uexp" 259
"C:/Users/Sean Mercer/Documents/GitHub/CardsForHumanity/Content/CardInformation/TheGamerPack_ReaderCard_DataTable.uasset" 260
"C:/Users/Sean Mercer/Documents/GitHub/CardsForHumanity/Content/CardInformation/TheGamerPack_ReaderCard_DataTable.uexp" 261
"C:/Users/Sean Mercer/Documents/GitHub/CardsForHumanity/Content/CardInformation/TheGamerPack_PlayerCard_DataTable.uasset" 262
"C:/Users/Sean Mercer/Documents/GitHub/CardsForHumanity/Content/CardInformation/TheGamerPack_PlayerCard_DataTable.uexp" 263
"C:/Users/Sean Mercer/Documents/GitHub/CardsForHumanity/Content/CardInformation/TheCarPack_ReaderCard_DataTable.uasset" 264
"C:/Users/Sean Mercer/Documents/GitHub/CardsForHumanity/Content/CardInformation/TheCarPack_ReaderCard_DataTable.uexp" 265
"C:/Users/Sean Mercer/Documents/GitHub/CardsForHumanity/Content/CardInformation/TheCarPack_PlayerCard_DataTable.uasset" 266
"C:/Users/Sean Mercer/Documents/GitHub/CardsForHumanity/Content/CardInformation/TheCarPack_PlayerCard_DataTable.uexp" 267
"C:/Users/Sean Mercer/Documents/GitHub/CardsForHumanity/Content/CardInformation/TheButtPack_ReaderCard_DataTable.uasset" 268
"C:/Users/Sean Mercer/Documents/GitHub/CardsForHumanity/Content/CardInformation/TheButtPack_ReaderCard_DataTable.uexp" 269
"C:/Users/Sean Mercer/Documents/GitHub/CardsForHumanity/Content/CardInformation/TheButtPack_PlayerCard_DataTable.uasset" 270
"C:/Users/Sean Mercer/Documents/GitHub/CardsForHumanity/Content/CardInformation/TheButtPack_PlayerCard_DataTable.uexp" 271
"C:/Users/Sean Mercer/Documents/GitHub/CardsForHumanity/Content/CardInformation/TheAthleticPack_ReaderCard_DataTable.uasset" 272
"C:/Users/Sean Mercer/Documents/GitHub/CardsForHumanity/Content/CardInformation/TheAthleticPack_ReaderCard_DataTable.uexp" 273
"C:/Users/Sean Mercer/Documents/GitHub/CardsForHumanity/Content/CardInformation/TheAthleticPack_PlayerCard_DataTable.uasset" 274
"C:/Users/Sean Mercer/Documents/GitHub/CardsForHumanity/Content/CardInformation/TheAthleticPack_PlayerCard_DataTable.uexp" 275
"C:/Users/Sean Mercer/Documents/GitHub/CardsForHumanity/Content/Data/S_Deck.uasset" 276
"C:/Users/Sean Mercer/Documents/GitHub/CardsForHumanity/Content/Data/S_Deck.uexp" 277
"../../../Engine/Content/EditorBlueprintResources/StandardMacros.uasset" 278
"../../../Engine/Content/EditorBlueprintResources/StandardMacros.uexp" 279
"C:/Users/Sean Mercer/Documents/GitHub/CardsForHumanity/Content/CardInformation/LaughItUpCore_PlayerCard_DataTable.uasset" 280
"C:/Users/Sean Mercer/Documents/GitHub/CardsForHumanity/Content/CardInformation/LaughItUpCore_PlayerCard_DataTable.uexp" 281
"C:/Users/Sean Mercer/Documents/GitHub/CardsForHumanity/Content/CardInformation/LaughItUpCore_ReaderCard_DataTable.uasset" 282
"C:/Users/Sean Mercer/Documents/GitHub/CardsForHumanity/Content/CardInformation/LaughItUpCore_ReaderCard_DataTable.uexp" 283
"C:/Users/Sean Mercer/Documents/GitHub/CardsForHumanity/Content/Data/SaveData_PlayerInfo.uasset" 284
"C:/Users/Sean Mercer/Documents/GitHub/CardsForHumanity/Content/Data/SaveData_PlayerInfo.uexp" 285
"C:/Users/Sean Mercer/Documents/GitHub/CardsForHumanity/Content/Blueprints/GameModes-Controller/MainGame/Widget_BlackCardDisplay.uasset" 286
"C:/Users/Sean Mercer/Documents/GitHub/CardsForHumanity/Content/Blueprints/GameModes-Controller/MainGame/Widget_BlackCardDisplay.uexp" 287
"../../../Engine/Content/EditorBlueprintResources/ActorMacros.uasset" 288
"../../../Engine/Content/EditorBlueprintResources/ActorMacros.uexp" 289
"C:/Users/Sean Mercer/Documents/GitHub/CardsForHumanity/Content/Blueprints/GameModes-Controller/MainGame/Widget_Pause_Menu.uasset" 290
"C:/Users/Sean Mercer/Documents/GitHub/CardsForHumanity/Content/Blueprints/GameModes-Controller/MainGame/Widget_Pause_Menu.uexp" 291
"C:/Users/Sean Mercer/Documents/GitHub/CardsForHumanity/Content/Networking/Widgets/PlayerInfoStuct.uasset" 292
"C:/Users/Sean Mercer/Documents/GitHub/CardsForHumanity/Content/Networking/Widgets/PlayerInfoStuct.uexp" 293
"C:/Users/Sean Mercer/Documents/GitHub/CardsForHumanity/Content/Data/S_SpawnInfo.uasset" 294
"C:/Users/Sean Mercer/Documents/GitHub/CardsForHumanity/Content/Data/S_SpawnInfo.uexp" 295
"C:/Users/Sean Mercer/Documents/GitHub/CardsForHumanity/Content/Blueprints/GameModes-Controller/MainGame/GM_Main.uasset" 296
"C:/Users/Sean Mercer/Documents/GitHub/CardsForHumanity/Content/Blueprints/GameModes-Controller/MainGame/GM_Main.uexp" 297
"C:/Users/Sean Mercer/Documents/GitHub/CardsForHumanity/Content/Movies/LoadingScreen_MP.uasset" 298
"C:/Users/Sean Mercer/Documents/GitHub/CardsForHumanity/Content/Movies/LoadingScreen_MP.uexp" 299
"C:/Users/Sean Mercer/Documents/GitHub/CardsForHumanity/Content/Movies/LoadingScreen_MT.uasset" 300
"C:/Users/Sean Mercer/Documents/GitHub/CardsForHumanity/Content/Movies/LoadingScreen_MT.uexp" 301
"C:/Users/Sean Mercer/Documents/GitHub/CardsForHumanity/Content/Movies/LoadingScreen_Mat.uasset" 302
"C:/Users/Sean Mercer/Documents/GitHub/CardsForHumanity/Content/Movies/LoadingScreen_Mat.uexp" 303
"C:/Users/Sean Mercer/Documents/GitHub/CardsForHumanity/Content/Movies/LoadingScreen_10.uasset" 304
"C:/Users/Sean Mercer/Documents/GitHub/CardsForHumanity/Content/Movies/LoadingScreen_10.uexp" 305
"C:/Users/Sean Mercer/Documents/GitHub/CardsForHumanity/Content/Movies/LoadingScreen_09.uasset" 306
"C:/Users/Sean Mercer/Documents/GitHub/CardsForHumanity/Content/Movies/LoadingScreen_09.uexp" 307
"C:/Users/Sean Mercer/Documents/GitHub/CardsForHumanity/Content/Movies/LoadingScreen_08.uasset" 308
"C:/Users/Sean Mercer/Documents/GitHub/CardsForHumanity/Content/Movies/LoadingScreen_08.uexp" 309
"C:/Users/Sean Mercer/Documents/GitHub/CardsForHumanity/Content/Movies/LoadingScreen_07.uasset" 310
"C:/Users/Sean Mercer/Documents/GitHub/CardsForHumanity/Content/Movies/LoadingScreen_07.uexp" 311
"C:/Users/Sean Mercer/Documents/GitHub/CardsForHumanity/Content/Movies/LoadingScreen_06.uasset" 312
"C:/Users/Sean Mercer/Documents/GitHub/CardsForHumanity/Content/Movies/LoadingScreen_06.uexp" 313
"C:/Users/Sean Mercer/Documents/GitHub/CardsForHumanity/Content/Movies/LoadingScreen_05.uasset" 314
"C:/Users/Sean Mercer/Documents/GitHub/CardsForHumanity/Content/Movies/LoadingScreen_05.uexp" 315
"C:/Users/Sean Mercer/Documents/GitHub/CardsForHumanity/Content/Movies/LoadingScreen_04.uasset" 316
"C:/Users/Sean Mercer/Documents/GitHub/CardsForHumanity/Content/Movies/LoadingScreen_04.uexp" 317
"C:/Users/Sean Mercer/Documents/GitHub/CardsForHumanity/Content/Movies/LoadingScreen_03.uasset" 318
"C:/Users/Sean Mercer/Documents/GitHub/CardsForHumanity/Content/Movies/LoadingScreen_03.uexp" 319
"C:/Users/Sean Mercer/Documents/GitHub/CardsForHumanity/Content/Movies/LoadingScreen_02.uasset" 320
"C:/Users/Sean Mercer/Documents/GitHub/CardsForHumanity/Content/Movies/LoadingScreen_02.uexp" 321
"C:/Users/Sean Mercer/Documents/GitHub/CardsForHumanity/Content/Movies/LoadingScreen_01.uasset" 322
"C:/Users/Sean Mercer/Documents/GitHub/CardsForHumanity/Content/Movies/LoadingScreen_01.uexp" 323
"C:/Users/Sean Mercer/Documents/GitHub/CardsForHumanity/Content/Movies/LoadingScreen.uasset" 324
"C:/Users/Sean Mercer/Documents/GitHub/CardsForHumanity/Content/Movies/LoadingScreen.uexp" 325
"C:/Users/Sean Mercer/Documents/GitHub/CardsForHumanity/Content/Blueprints/GameModes-Controller/MainGame/Pawn_MainGameCamera.uasset" 326
"C:/Users/Sean Mercer/Documents/GitHub/CardsForHumanity/Content/Blueprints/GameModes-Controller/MainGame/Pawn_MainGameCamera.uexp" 327
"C:/Users/Sean Mercer/Documents/GitHub/CardsForHumanity/Content/Materials-Textures/White.uasset" 328
"C:/Users/Sean Mercer/Documents/GitHub/CardsForHumanity/Content/Materials-Textures/White.uexp" 329
"C:/Users/Sean Mercer/Documents/GitHub/CardsForHumanity/Content/Materials-Textures/Brown.uasset" 330
"C:/Users/Sean Mercer/Documents/GitHub/CardsForHumanity/Content/Materials-Textures/Brown.uexp" 331
"C:/Users/Sean Mercer/Documents/GitHub/CardsForHumanity/Content/Meshes/Placeholder_Whiteboard.uasset" 332
"C:/Users/Sean Mercer/Documents/GitHub/CardsForHumanity/Content/Meshes/Placeholder_Whiteboard.uexp" 333
"C:/Users/Sean Mercer/Documents/GitHub/CardsForHumanity/Content/Materials-Textures/ScoreboardDeskArt/Underline_2.uasset" 334
"C:/Users/Sean Mercer/Documents/GitHub/CardsForHumanity/Content/Materials-Textures/ScoreboardDeskArt/Underline_2.uexp" 335
"C:/Users/Sean Mercer/Documents/GitHub/CardsForHumanity/Content/Materials-Textures/ScoreboardDeskArt/Star.uasset" 336
"C:/Users/Sean Mercer/Documents/GitHub/CardsForHumanity/Content/Materials-Textures/ScoreboardDeskArt/Star.uexp" 337
"C:/Users/Sean Mercer/Documents/GitHub/CardsForHumanity/Content/Materials-Textures/ScoreboardDeskArt/SmileyFace.uasset" 338
"C:/Users/Sean Mercer/Documents/GitHub/CardsForHumanity/Content/Materials-Textures/ScoreboardDeskArt/SmileyFace.uexp" 339
"C:/Users/Sean Mercer/Documents/GitHub/CardsForHumanity/Content/Materials-Textures/ScoreboardDeskArt/ScoreboardUnderline.uasset" 340
"C:/Users/Sean Mercer/Documents/GitHub/CardsForHumanity/Content/Materials-Textures/ScoreboardDeskArt/ScoreboardUnderline.uexp" 341
"C:/Users/Sean Mercer/Documents/GitHub/CardsForHumanity/Content/Blueprints/GameModes-Controller/MainGame/Widget_Scoreboard.uasset" 342
"C:/Users/Sean Mercer/Documents/GitHub/CardsForHumanity/Content/Blueprints/GameModes-Controller/MainGame/Widget_Scoreboard.uexp" 343
"C:/Users/Sean Mercer/Documents/GitHub/CardsForHumanity/Content/Materials-Textures/Green.uasset" 344
"C:/Users/Sean Mercer/Documents/GitHub/CardsForHumanity/Content/Materials-Textures/Green.uexp" 345
"C:/Users/Sean Mercer/Documents/GitHub/CardsForHumanity/Content/Blueprints/GameModes-Controller/MainGame/ChalkboardScoreboard.uasset" 346
"C:/Users/Sean Mercer/Documents/GitHub/CardsForHumanity/Content/Blueprints/GameModes-Controller/MainGame/ChalkboardScoreboard.uexp" 347
"C:/Users/Sean Mercer/Documents/GitHub/CardsForHumanity/Content/Blueprints/GameModes-Controller/MainGame/GS_Main.uasset" 348
"C:/Users/Sean Mercer/Documents/GitHub/CardsForHumanity/Content/Blueprints/GameModes-Controller/MainGame/GS_Main.uexp" 349
"C:/Users/Sean Mercer/Documents/GitHub/CardsForHumanity/Content/Blueprints/GameModes-Controller/MainGame/PS_Main.uasset" 350
"C:/Users/Sean Mercer/Documents/GitHub/CardsForHumanity/Content/Blueprints/GameModes-Controller/MainGame/PS_Main.uexp" 351
"C:/Users/Sean Mercer/Documents/GitHub/CardsForHumanity/Content/Blueprints/GameModes-Controller/MainGame/Widget_Scoreboard_Player.uasset" 352
"C:/Users/Sean Mercer/Documents/GitHub/CardsForHumanity/Content/Blueprints/GameModes-Controller/MainGame/Widget_Scoreboard_Player.uexp" 353
"C:/Users/Sean Mercer/Documents/GitHub/CardsForHumanity/Content/Blueprints/GameModes-Controller/MainGame/Widget_VictoryScreen.uasset" 354
"C:/Users/Sean Mercer/Documents/GitHub/CardsForHumanity/Content/Blueprints/GameModes-Controller/MainGame/Widget_VictoryScreen.uexp" 355
"C:/Users/Sean Mercer/Documents/GitHub/CardsForHumanity/Content/Blueprints/GameModes-Controller/MainGame/Widget_Switcheroo.uasset" 356
"C:/Users/Sean Mercer/Documents/GitHub/CardsForHumanity/Content/Blueprints/GameModes-Controller/MainGame/Widget_Switcheroo.uexp" 357
"C:/Users/Sean Mercer/Documents/GitHub/CardsForHumanity/Content/Blueprints/GameModes-Controller/MainGame/Widget_ReaderDisplay_DoBetter.uasset" 358
"C:/Users/Sean Mercer/Documents/GitHub/CardsForHumanity/Content/Blueprints/GameModes-Controller/MainGame/Widget_ReaderDisplay_DoBetter.uexp" 359
"C:/Users/Sean Mercer/Documents/GitHub/CardsForHumanity/Content/Blueprints/GameModes-Controller/MainGame/Widget_ReaderDisplay.uasset" 360
"C:/Users/Sean Mercer/Documents/GitHub/CardsForHumanity/Content/Blueprints/GameModes-Controller/MainGame/Widget_ReaderDisplay.uexp" 361
"C:/Users/Sean Mercer/Documents/GitHub/CardsForHumanity/Content/Blueprints/GameModes-Controller/MainGame/Widget_LoserScreen.uasset" 362
"C:/Users/Sean Mercer/Documents/GitHub/CardsForHumanity/Content/Blueprints/GameModes-Controller/MainGame/Widget_LoserScreen.uexp" 363
"C:/Users/Sean Mercer/Documents/GitHub/CardsForHumanity/Content/Blueprints/GameModes-Controller/MainGame/PC_Main.uasset" 364
"C:/Users/Sean Mercer/Documents/GitHub/CardsForHumanity/Content/Blueprints/GameModes-Controller/MainGame/PC_Main.uexp" 365
"C:/Users/Sean Mercer/Documents/GitHub/CardsForHumanity/Content/Blueprints/CardStuff/Widget_CardPackNameText.uasset" 366
"C:/Users/Sean Mercer/Documents/GitHub/CardsForHumanity/Content/Blueprints/CardStuff/Widget_CardPackNameText.uexp" 367
"C:/Users/Sean Mercer/Documents/GitHub/CardsForHumanity/Content/Materials-Textures/CardColors/PlayerCardColorOneColor.uasset" 368
"C:/Users/Sean Mercer/Documents/GitHub/CardsForHumanity/Content/Materials-Textures/CardColors/PlayerCardColorOneColor.uexp" 369
"C:/Users/Sean Mercer/Documents/GitHub/CardsForHumanity/Content/Materials-Textures/CardColors/PlayerCardColorOneColor_Inst.uasset" 370
"C:/Users/Sean Mercer/Documents/GitHub/CardsForHumanity/Content/Materials-Textures/CardColors/PlayerCardColorOneColor_Inst.uexp" 371
"../../../Engine/Content/EngineMaterials/T_Default_Material_Grid_N.uasset" 372
"../../../Engine/Content/EngineMaterials/T_Default_Material_Grid_N.uexp" 373
"../../../Engine/Content/EngineMaterials/T_Default_Material_Grid_N.ubulk" 374
"../../../Engine/Content/EngineMaterials/T_Default_Material_Grid_M.uasset" 375
"../../../Engine/Content/EngineMaterials/T_Default_Material_Grid_M.uexp" 376
"../../../Engine/Content/EngineMaterials/T_Default_Material_Grid_M.ubulk" 377
"../../../Engine/Content/Functions/Engine_MaterialFunctions01/Opacity/CameraDepthFade.uasset" 378
"../../../Engine/Content/Functions/Engine_MaterialFunctions01/Opacity/CameraDepthFade.uexp" 379
"../../../Engine/Content/EngineMaterials/WorldGridMaterial.uasset" 380
"../../../Engine/Content/EngineMaterials/WorldGridMaterial.uexp" 381
"C:/Users/Sean Mercer/Documents/GitHub/CardsForHumanity/Content/Meshes/SM_CardWithCollision_2.uasset" 382
"C:/Users/Sean Mercer/Documents/GitHub/CardsForHumanity/Content/Meshes/SM_CardWithCollision_2.uexp" 383
"C:/Users/Sean Mercer/Documents/GitHub/CardsForHumanity/Content/Unlockables/PlayerCardColors/MetallicColors/SwitchPlayerCardMetallic.uasset" 384
"C:/Users/Sean Mercer/Documents/GitHub/CardsForHumanity/Content/Unlockables/PlayerCardColors/MetallicColors/SwitchPlayerCardMetallic.uexp" 385
"C:/Users/Sean Mercer/Documents/GitHub/CardsForHumanity/Content/Unlockables/PlayerCardColors/MetallicColors/SwitchPlayerCardMetallic_04.uasset" 386
"C:/Users/Sean Mercer/Documents/GitHub/CardsForHumanity/Content/Unlockables/PlayerCardColors/MetallicColors/SwitchPlayerCardMetallic_04.uexp" 387
"C:/Users/Sean Mercer/Documents/GitHub/CardsForHumanity/Content/Unlockables/PlayerCardColors/MetallicColors/SwitchPlayerCardMetallic_03.uasset" 388
"C:/Users/Sean Mercer/Documents/GitHub/CardsForHumanity/Content/Unlockables/PlayerCardColors/MetallicColors/SwitchPlayerCardMetallic_03.uexp" 389
"C:/Users/Sean Mercer/Documents/GitHub/CardsForHumanity/Content/Unlockables/PlayerCardColors/MetallicColors/SwitchPlayerCardMetallic_02.uasset" 390
"C:/Users/Sean Mercer/Documents/GitHub/CardsForHumanity/Content/Unlockables/PlayerCardColors/MetallicColors/SwitchPlayerCardMetallic_02.uexp" 391
"C:/Users/Sean Mercer/Documents/GitHub/CardsForHumanity/Content/Unlockables/PlayerCardColors/MetallicColors/SwitchPlayerCardMetallic_01.uasset" 392
"C:/Users/Sean Mercer/Documents/GitHub/CardsForHumanity/Content/Unlockables/PlayerCardColors/MetallicColors/SwitchPlayerCardMetallic_01.uexp" 393
"C:/Users/Sean Mercer/Documents/GitHub/CardsForHumanity/Content/Unlockables/PlayerCardColors/BasicColors/ColorsForMainGameCards/PlayerCardColorSwitch_010.uasset" 394
"C:/Users/Sean Mercer/Documents/GitHub/CardsForHumanity/Content/Unlockables/PlayerCardColors/BasicColors/ColorsForMainGameCards/PlayerCardColorSwitch_010.uexp" 395
"C:/Users/Sean Mercer/Documents/GitHub/CardsForHumanity/Content/Unlockables/PlayerCardColors/BasicColors/ColorsForMainGameCards/PlayerCardColorSwitch_009.uasset" 396
"C:/Users/Sean Mercer/Documents/GitHub/CardsForHumanity/Content/Unlockables/PlayerCardColors/BasicColors/ColorsForMainGameCards/PlayerCardColorSwitch_009.uexp" 397
"C:/Users/Sean Mercer/Documents/GitHub/CardsForHumanity/Content/Unlockables/PlayerCardColors/BasicColors/ColorsForMainGameCards/PlayerCardColorSwitch_008.uasset" 398
"C:/Users/Sean Mercer/Documents/GitHub/CardsForHumanity/Content/Unlockables/PlayerCardColors/BasicColors/ColorsForMainGameCards/PlayerCardColorSwitch_008.uexp" 399
"C:/Users/Sean Mercer/Documents/GitHub/CardsForHumanity/Content/Unlockables/PlayerCardColors/BasicColors/ColorsForMainGameCards/PlayerCardColorSwitch_007.uasset" 400
"C:/Users/Sean Mercer/Documents/GitHub/CardsForHumanity/Content/Unlockables/PlayerCardColors/BasicColors/ColorsForMainGameCards/PlayerCardColorSwitch_007.uexp" 401
"C:/Users/Sean Mercer/Documents/GitHub/CardsForHumanity/Content/Unlockables/PlayerCardColors/BasicColors/ColorsForMainGameCards/PlayerCardColorSwitch_006.uasset" 402
"C:/Users/Sean Mercer/Documents/GitHub/CardsForHumanity/Content/Unlockables/PlayerCardColors/BasicColors/ColorsForMainGameCards/PlayerCardColorSwitch_006.uexp" 403
"C:/Users/Sean Mercer/Documents/GitHub/CardsForHumanity/Content/Unlockables/PlayerCardColors/BasicColors/ColorsForMainGameCards/PlayerCardColorSwitch_005.uasset" 404
"C:/Users/Sean Mercer/Documents/GitHub/CardsForHumanity/Content/Unlockables/PlayerCardColors/BasicColors/ColorsForMainGameCards/PlayerCardColorSwitch_005.uexp" 405
"C:/Users/Sean Mercer/Documents/GitHub/CardsForHumanity/Content/Unlockables/PlayerCardColors/BasicColors/ColorsForMainGameCards/PlayerCardColorSwitch_004.uasset" 406
"C:/Users/Sean Mercer/Documents/GitHub/CardsForHumanity/Content/Unlockables/PlayerCardColors/BasicColors/ColorsForMainGameCards/PlayerCardColorSwitch_004.uexp" 407
"C:/Users/Sean Mercer/Documents/GitHub/CardsForHumanity/Content/Unlockables/PlayerCardColors/BasicColors/ColorsForMainGameCards/PlayerCardColorSwitch_003.uasset" 408
"C:/Users/Sean Mercer/Documents/GitHub/CardsForHumanity/Content/Unlockables/PlayerCardColors/BasicColors/ColorsForMainGameCards/PlayerCardColorSwitch_003.uexp" 409
"C:/Users/Sean Mercer/Documents/GitHub/CardsForHumanity/Content/Unlockables/PlayerCardColors/BasicColors/ColorsForMainGameCards/PlayerCardColorSwitch_002.uasset" 410
"C:/Users/Sean Mercer/Documents/GitHub/CardsForHumanity/Content/Unlockables/PlayerCardColors/BasicColors/ColorsForMainGameCards/PlayerCardColorSwitch_002.uexp" 411
"C:/Users/Sean Mercer/Documents/GitHub/CardsForHumanity/Content/Unlockables/PlayerCardColors/MetallicColors/Diamond/T_Diamond_OcclusionRoughnessMetallic.uasset" 412
"C:/Users/Sean Mercer/Documents/GitHub/CardsForHumanity/Content/Unlockables/PlayerCardColors/MetallicColors/Diamond/T_Diamond_OcclusionRoughnessMetallic.uexp" 413
"C:/Users/Sean Mercer/Documents/GitHub/CardsForHumanity/Content/Unlockables/PlayerCardColors/MetallicColors/Diamond/T_Diamond_OcclusionRoughnessMetallic.ubulk" 414
"C:/Users/Sean Mercer/Documents/GitHub/CardsForHumanity/Content/Unlockables/PlayerCardColors/MetallicColors/Diamond/T_Diamond_Normal.uasset" 415
"C:/Users/Sean Mercer/Documents/GitHub/CardsForHumanity/Content/Unlockables/PlayerCardColors/MetallicColors/Diamond/T_Diamond_Normal.uexp" 416
"C:/Users/Sean Mercer/Documents/GitHub/CardsForHumanity/Content/Unlockables/PlayerCardColors/MetallicColors/Diamond/T_Diamond_Normal.ubulk" 417
"C:/Users/Sean Mercer/Documents/GitHub/CardsForHumanity/Content/Unlockables/PlayerCardColors/MetallicColors/Diamond/T_Diamond_BaseColor.uasset" 418
"C:/Users/Sean Mercer/Documents/GitHub/CardsForHumanity/Content/Unlockables/PlayerCardColors/MetallicColors/Diamond/T_Diamond_BaseColor.uexp" 419
"C:/Users/Sean Mercer/Documents/GitHub/CardsForHumanity/Content/Unlockables/PlayerCardColors/MetallicColors/Diamond/T_Diamond_BaseColor.ubulk" 420
"../../../Engine/Content/MapTemplates/TilingNoise05.uasset" 421
"../../../Engine/Content/MapTemplates/TilingNoise05.uexp" 422
"../../../Engine/Content/MapTemplates/TilingNoise05.ubulk" 423
"C:/Users/Sean Mercer/Documents/GitHub/CardsForHumanity/Content/Unlockables/PlayerCardColors/MetallicColors/Diamond/SwitchPlayerCardDiamond.uasset" 424
"C:/Users/Sean Mercer/Documents/GitHub/CardsForHumanity/Content/Unlockables/PlayerCardColors/MetallicColors/Diamond/SwitchPlayerCardDiamond.uexp" 425
"C:/Users/Sean Mercer/Documents/GitHub/CardsForHumanity/Content/Textures/T_Rock_Basalt_N.uasset" 426
"C:/Users/Sean Mercer/Documents/GitHub/CardsForHumanity/Content/Textures/T_Rock_Basalt_N.uexp" 427
"C:/Users/Sean Mercer/Documents/GitHub/CardsForHumanity/Content/Textures/T_Rock_Basalt_N.ubulk" 428
"C:/Users/Sean Mercer/Documents/GitHub/CardsForHumanity/Content/Textures/T_Fire_Tiled_D.uasset" 429
"C:/Users/Sean Mercer/Documents/GitHub/CardsForHumanity/Content/Textures/T_Fire_Tiled_D.uexp" 430
"C:/Users/Sean Mercer/Documents/GitHub/CardsForHumanity/Content/Textures/T_Fire_Tiled_D.ubulk" 431
"C:/Users/Sean Mercer/Documents/GitHub/CardsForHumanity/Content/Unlockables/PlayerCardColors/FancySchmancyColors/SwitchPlayerCardFancy_05.uasset" 432
"C:/Users/Sean Mercer/Documents/GitHub/CardsForHumanity/Content/Unlockables/PlayerCardColors/FancySchmancyColors/SwitchPlayerCardFancy_05.uexp" 433
"C:/Users/Sean Mercer/Documents/GitHub/CardsForHumanity/Content/Textures/T_Tech_Hex_Tile_N.uasset" 434
"C:/Users/Sean Mercer/Documents/GitHub/CardsForHumanity/Content/Textures/T_Tech_Hex_Tile_N.uexp" 435
"C:/Users/Sean Mercer/Documents/GitHub/CardsForHumanity/Content/Textures/T_Tech_Hex_Tile_N.ubulk" 436
"C:/Users/Sean Mercer/Documents/GitHub/CardsForHumanity/Content/Textures/T_Tech_Hex_Tile_M.uasset" 437
"C:/Users/Sean Mercer/Documents/GitHub/CardsForHumanity/Content/Textures/T_Tech_Hex_Tile_M.uexp" 438
"C:/Users/Sean Mercer/Documents/GitHub/CardsForHumanity/Content/Textures/T_Tech_Hex_Tile_M.ubulk" 439
"C:/Users/Sean Mercer/Documents/GitHub/CardsForHumanity/Content/Textures/T_MacroVariation.uasset" 440
"C:/Users/Sean Mercer/Documents/GitHub/CardsForHumanity/Content/Textures/T_MacroVariation.uexp" 441
"C:/Users/Sean Mercer/Documents/GitHub/CardsForHumanity/Content/Unlockables/PlayerCardColors/FancySchmancyColors/SwitchPlayerCardFancy_04.uasset" 442
"C:/Users/Sean Mercer/Documents/GitHub/CardsForHumanity/Content/Unlockables/PlayerCardColors/FancySchmancyColors/SwitchPlayerCardFancy_04.uexp" 443
"C:/Users/Sean Mercer/Documents/GitHub/CardsForHumanity/Content/Unlockables/PlayerCardColors/FancySchmancyColors/SwitchPlayerCardFancy_03.uasset" 444
"C:/Users/Sean Mercer/Documents/GitHub/CardsForHumanity/Content/Unlockables/PlayerCardColors/FancySchmancyColors/SwitchPlayerCardFancy_03.uexp" 445
"C:/Users/Sean Mercer/Documents/GitHub/CardsForHumanity/Content/Unlockables/PlayerCardColors/FancySchmancyColors/SwitchPlayerCardFancy_02.uasset" 446
"C:/Users/Sean Mercer/Documents/GitHub/CardsForHumanity/Content/Unlockables/PlayerCardColors/FancySchmancyColors/SwitchPlayerCardFancy_02.uexp" 447
"C:/Users/Sean Mercer/Documents/GitHub/CardsForHumanity/Content/Unlockables/PlayerCardColors/FancySchmancyColors/SwitchPlayerCardFancy_01.uasset" 448
"C:/Users/Sean Mercer/Documents/GitHub/CardsForHumanity/Content/Unlockables/PlayerCardColors/FancySchmancyColors/SwitchPlayerCardFancy_01.uexp" 449
"C:/Users/Sean Mercer/Documents/GitHub/CardsForHumanity/Content/Unlockables/PlayerCardColors/BasicColors/ColorsForMainGameCards/PlayerCardColorSwitch_001.uasset" 450
"C:/Users/Sean Mercer/Documents/GitHub/CardsForHumanity/Content/Unlockables/PlayerCardColors/BasicColors/ColorsForMainGameCards/PlayerCardColorSwitch_001.uexp" 451
"C:/Users/Sean Mercer/Documents/GitHub/CardsForHumanity/Content/Unlockables/PlayerCardColors/MetallicColors/PlayerCardMetallicColor_04.uasset" 452
"C:/Users/Sean Mercer/Documents/GitHub/CardsForHumanity/Content/Unlockables/PlayerCardColors/MetallicColors/PlayerCardMetallicColor_04.uexp" 453
"C:/Users/Sean Mercer/Documents/GitHub/CardsForHumanity/Content/Unlockables/PlayerCardColors/MetallicColors/PlayerCardMetallicColor_03.uasset" 454
"C:/Users/Sean Mercer/Documents/GitHub/CardsForHumanity/Content/Unlockables/PlayerCardColors/MetallicColors/PlayerCardMetallicColor_03.uexp" 455
"C:/Users/Sean Mercer/Documents/GitHub/CardsForHumanity/Content/Unlockables/PlayerCardColors/MetallicColors/PlayerCardMetallicColor_02.uasset" 456
"C:/Users/Sean Mercer/Documents/GitHub/CardsForHumanity/Content/Unlockables/PlayerCardColors/MetallicColors/PlayerCardMetallicColor_02.uexp" 457
"C:/Users/Sean Mercer/Documents/GitHub/CardsForHumanity/Content/Unlockables/PlayerCardColors/MetallicColors/PlayerCardMetallicColor_01.uasset" 458
"C:/Users/Sean Mercer/Documents/GitHub/CardsForHumanity/Content/Unlockables/PlayerCardColors/MetallicColors/PlayerCardMetallicColor_01.uexp" 459
"C:/Users/Sean Mercer/Documents/GitHub/CardsForHumanity/Content/Unlockables/PlayerCardColors/MetallicColors/Diamond/Diamond.uasset" 460
"C:/Users/Sean Mercer/Documents/GitHub/CardsForHumanity/Content/Unlockables/PlayerCardColors/MetallicColors/Diamond/Diamond.uexp" 461
"C:/Users/Sean Mercer/Documents/GitHub/CardsForHumanity/Content/Unlockables/PlayerCardColors/FancySchmancyColors/PlayerCardFancy_05.uasset" 462
"C:/Users/Sean Mercer/Documents/GitHub/CardsForHumanity/Content/Unlockables/PlayerCardColors/FancySchmancyColors/PlayerCardFancy_05.uexp" 463
"C:/Users/Sean Mercer/Documents/GitHub/CardsForHumanity/Content/Unlockables/PlayerCardColors/FancySchmancyColors/PlayerCardFancy_04.uasset" 464
"C:/Users/Sean Mercer/Documents/GitHub/CardsForHumanity/Content/Unlockables/PlayerCardColors/FancySchmancyColors/PlayerCardFancy_04.uexp" 465
"C:/Users/Sean Mercer/Documents/GitHub/CardsForHumanity/Content/Unlockables/PlayerCardColors/FancySchmancyColors/PlayerCardFancy_03.uasset" 466
"C:/Users/Sean Mercer/Documents/GitHub/CardsForHumanity/Content/Unlockables/PlayerCardColors/FancySchmancyColors/PlayerCardFancy_03.uexp" 467
"C:/Users/Sean Mercer/Documents/GitHub/CardsForHumanity/Content/Unlockables/PlayerCardColors/FancySchmancyColors/PlayerCardFancy_02.uasset" 468
"C:/Users/Sean Mercer/Documents/GitHub/CardsForHumanity/Content/Unlockables/PlayerCardColors/FancySchmancyColors/PlayerCardFancy_02.uexp" 469
"C:/Users/Sean Mercer/Documents/GitHub/CardsForHumanity/Content/Unlockables/PlayerCardColors/FancySchmancyColors/PlayerCardFancy_01.uasset" 470
"C:/Users/Sean Mercer/Documents/GitHub/CardsForHumanity/Content/Unlockables/PlayerCardColors/FancySchmancyColors/PlayerCardFancy_01.uexp" 471
"C:/Users/Sean Mercer/Documents/GitHub/CardsForHumanity/Content/Data/Libraries/BPFL_ColorblindCards.uasset" 472
"C:/Users/Sean Mercer/Documents/GitHub/CardsForHumanity/Content/Data/Libraries/BPFL_ColorblindCards.uexp" 473
"C:/Users/Sean Mercer/Documents/GitHub/CardsForHumanity/Content/Audio/TEST_Slap_Slide.uasset" 474
"C:/Users/Sean Mercer/Documents/GitHub/CardsForHumanity/Content/Audio/TEST_Slap_Slide.uexp" 475
"C:/Users/Sean Mercer/Documents/GitHub/CardsForHumanity/Content/Audio/PLACEHOLDER_PlayCard.uasset" 476
"C:/Users/Sean Mercer/Documents/GitHub/CardsForHumanity/Content/Audio/PLACEHOLDER_PlayCard.uexp" 477
"C:/Users/Sean Mercer/Documents/GitHub/CardsForHumanity/Content/Audio/CardRespawn/CardRespawn_06.uasset" 478
"C:/Users/Sean Mercer/Documents/GitHub/CardsForHumanity/Content/Audio/CardRespawn/CardRespawn_06.uexp" 479
"C:/Users/Sean Mercer/Documents/GitHub/CardsForHumanity/Content/Audio/CardRespawn/CardRespawn_05.uasset" 480
"C:/Users/Sean Mercer/Documents/GitHub/CardsForHumanity/Content/Audio/CardRespawn/CardRespawn_05.uexp" 481
"C:/Users/Sean Mercer/Documents/GitHub/CardsForHumanity/Content/Audio/CardRespawn/CardRespawn_04.uasset" 482
"C:/Users/Sean Mercer/Documents/GitHub/CardsForHumanity/Content/Audio/CardRespawn/CardRespawn_04.uexp" 483
"C:/Users/Sean Mercer/Documents/GitHub/CardsForHumanity/Content/Audio/CardRespawn/CardRespawn_02.uasset" 484
"C:/Users/Sean Mercer/Documents/GitHub/CardsForHumanity/Content/Audio/CardRespawn/CardRespawn_02.uexp" 485
"C:/Users/Sean Mercer/Documents/GitHub/CardsForHumanity/Content/Audio/CardRespawn/CardRespawn_03.uasset" 486
"C:/Users/Sean Mercer/Documents/GitHub/CardsForHumanity/Content/Audio/CardRespawn/CardRespawn_03.uexp" 487
"C:/Users/Sean Mercer/Documents/GitHub/CardsForHumanity/Content/Audio/CardRespawn/CardRespawn_01.uasset" 488
"C:/Users/Sean Mercer/Documents/GitHub/CardsForHumanity/Content/Audio/CardRespawn/CardRespawn_01.uexp" 489
"C:/Users/Sean Mercer/Documents/GitHub/CardsForHumanity/Content/Audio/CardRespawn/CardRespawn_Cue.uasset" 490
"C:/Users/Sean Mercer/Documents/GitHub/CardsForHumanity/Content/Audio/CardRespawn/CardRespawn_Cue.uexp" 491
"C:/Users/Sean Mercer/Documents/GitHub/CardsForHumanity/Content/Blueprints/GameModes-Controller/MainGame/Actor_Card_Movement.uasset" 492
"C:/Users/Sean Mercer/Documents/GitHub/CardsForHumanity/Content/Blueprints/GameModes-Controller/MainGame/Actor_Card_Movement.uexp" 493
"C:/Users/Sean Mercer/Documents/GitHub/CardsForHumanity/Content/Data/S_CardBundle.uasset" 494
"C:/Users/Sean Mercer/Documents/GitHub/CardsForHumanity/Content/Data/S_CardBundle.uexp" 495
"C:/Users/Sean Mercer/Documents/GitHub/CardsForHumanity/Content/Unlockables/ReaderCardColors/CardColors/ReaderCardColor_10.uasset" 496
"C:/Users/Sean Mercer/Documents/GitHub/CardsForHumanity/Content/Unlockables/ReaderCardColors/CardColors/ReaderCardColor_10.uexp" 497
"C:/Users/Sean Mercer/Documents/GitHub/CardsForHumanity/Content/Unlockables/ReaderCardColors/CardColors/ReaderCardColor_08.uasset" 498
"C:/Users/Sean Mercer/Documents/GitHub/CardsForHumanity/Content/Unlockables/ReaderCardColors/CardColors/ReaderCardColor_08.uexp" 499
"C:/Users/Sean Mercer/Documents/GitHub/CardsForHumanity/Content/Unlockables/ReaderCardColors/CardColors/ReaderCardColor_07.uasset" 500
"C:/Users/Sean Mercer/Documents/GitHub/CardsForHumanity/Content/Unlockables/ReaderCardColors/CardColors/ReaderCardColor_07.uexp" 501
"C:/Users/Sean Mercer/Documents/GitHub/CardsForHumanity/Content/Unlockables/ReaderCardColors/CardColors/ReaderCardColor_06.uasset" 502
"C:/Users/Sean Mercer/Documents/GitHub/CardsForHumanity/Content/Unlockables/ReaderCardColors/CardColors/ReaderCardColor_06.uexp" 503
"C:/Users/Sean Mercer/Documents/GitHub/CardsForHumanity/Content/Unlockables/ReaderCardColors/CardColors/ReaderCardColor_05.uasset" 504
"C:/Users/Sean Mercer/Documents/GitHub/CardsForHumanity/Content/Unlockables/ReaderCardColors/CardColors/ReaderCardColor_05.uexp" 505
"C:/Users/Sean Mercer/Documents/GitHub/CardsForHumanity/Content/Unlockables/ReaderCardColors/CardColors/ReaderCardColor_04.uasset" 506
"C:/Users/Sean Mercer/Documents/GitHub/CardsForHumanity/Content/Unlockables/ReaderCardColors/CardColors/ReaderCardColor_04.uexp" 507
"C:/Users/Sean Mercer/Documents/GitHub/CardsForHumanity/Content/Unlockables/ReaderCardColors/CardColors/ReaderCardColor_03.uasset" 508
"C:/Users/Sean Mercer/Documents/GitHub/CardsForHumanity/Content/Unlockables/ReaderCardColors/CardColors/ReaderCardColor_03.uexp" 509
"C:/Users/Sean Mercer/Documents/GitHub/CardsForHumanity/Content/Unlockables/ReaderCardColors/CardColors/ReaderCardColor_02.uasset" 510
"C:/Users/Sean Mercer/Documents/GitHub/CardsForHumanity/Content/Unlockables/ReaderCardColors/CardColors/ReaderCardColor_02.uexp" 511
"C:/Users/Sean Mercer/Documents/GitHub/CardsForHumanity/Content/Unlockables/ReaderCardColors/CardColors/ReaderCardColor_01.uasset" 512
"C:/Users/Sean Mercer/Documents/GitHub/CardsForHumanity/Content/Unlockables/ReaderCardColors/CardColors/ReaderCardColor_01.uexp" 513
"C:/Users/Sean Mercer/Documents/GitHub/CardsForHumanity/Content/Unlockables/ReaderCardColors/CardColors/ReaderCardColor_09.uasset" 514
"C:/Users/Sean Mercer/Documents/GitHub/CardsForHumanity/Content/Unlockables/ReaderCardColors/CardColors/ReaderCardColor_09.uexp" 515
"C:/Users/Sean Mercer/Documents/GitHub/CardsForHumanity/Content/Unlockables/FontColors/ReaderFonts/MetallicColors/FontReader_Metallic_05.uasset" 516
"C:/Users/Sean Mercer/Documents/GitHub/CardsForHumanity/Content/Unlockables/FontColors/ReaderFonts/MetallicColors/FontReader_Metallic_05.uexp" 517
"C:/Users/Sean Mercer/Documents/GitHub/CardsForHumanity/Content/Unlockables/FontColors/ReaderFonts/MetallicColors/FontReader_Metallic_04.uasset" 518
"C:/Users/Sean Mercer/Documents/GitHub/CardsForHumanity/Content/Unlockables/FontColors/ReaderFonts/MetallicColors/FontReader_Metallic_04.uexp" 519
"C:/Users/Sean Mercer/Documents/GitHub/CardsForHumanity/Content/Unlockables/FontColors/ReaderFonts/MetallicColors/FontReader_Metallic_03.uasset" 520
"C:/Users/Sean Mercer/Documents/GitHub/CardsForHumanity/Content/Unlockables/FontColors/ReaderFonts/MetallicColors/FontReader_Metallic_03.uexp" 521
"C:/Users/Sean Mercer/Documents/GitHub/CardsForHumanity/Content/Unlockables/FontColors/ReaderFonts/MetallicColors/FontReader_Metallic_02.uasset" 522
"C:/Users/Sean Mercer/Documents/GitHub/CardsForHumanity/Content/Unlockables/FontColors/ReaderFonts/MetallicColors/FontReader_Metallic_02.uexp" 523
"C:/Users/Sean Mercer/Documents/GitHub/CardsForHumanity/Content/Unlockables/FontColors/ReaderFonts/MetallicColors/FontReader_Metallic_01.uasset" 524
"C:/Users/Sean Mercer/Documents/GitHub/CardsForHumanity/Content/Unlockables/FontColors/ReaderFonts/MetallicColors/FontReader_Metallic_01.uexp" 525
"C:/Users/Sean Mercer/Documents/GitHub/CardsForHumanity/Content/Unlockables/FontColors/ReaderFonts/FontReader_Base.uasset" 526
"C:/Users/Sean Mercer/Documents/GitHub/CardsForHumanity/Content/Unlockables/FontColors/ReaderFonts/FontReader_Base.uexp" 527
"C:/Users/Sean Mercer/Documents/GitHub/CardsForHumanity/Content/Unlockables/FontColors/ReaderFonts/FontReader_010.uasset" 528
"C:/Users/Sean Mercer/Documents/GitHub/CardsForHumanity/Content/Unlockables/FontColors/ReaderFonts/FontReader_010.uexp" 529
"C:/Users/Sean Mercer/Documents/GitHub/CardsForHumanity/Content/Unlockables/FontColors/ReaderFonts/FontReader_009.uasset" 530
"C:/Users/Sean Mercer/Documents/GitHub/CardsForHumanity/Content/Unlockables/FontColors/ReaderFonts/FontReader_009.uexp" 531
"C:/Users/Sean Mercer/Documents/GitHub/CardsForHumanity/Content/Unlockables/FontColors/ReaderFonts/FontReader_008.uasset" 532
"C:/Users/Sean Mercer/Documents/GitHub/CardsForHumanity/Content/Unlockables/FontColors/ReaderFonts/FontReader_008.uexp" 533
"C:/Users/Sean Mercer/Documents/GitHub/CardsForHumanity/Content/Unlockables/FontColors/ReaderFonts/FontReader_007.uasset" 534
"C:/Users/Sean Mercer/Documents/GitHub/CardsForHumanity/Content/Unlockables/FontColors/ReaderFonts/FontReader_007.uexp" 535
"C:/Users/Sean Mercer/Documents/GitHub/CardsForHumanity/Content/Unlockables/FontColors/ReaderFonts/FontReader_005.uasset" 536
"C:/Users/Sean Mercer/Documents/GitHub/CardsForHumanity/Content/Unlockables/FontColors/ReaderFonts/FontReader_005.uexp" 537
"C:/Users/Sean Mercer/Documents/GitHub/CardsForHumanity/Content/Unlockables/FontColors/ReaderFonts/FontReader_004.uasset" 538
"C:/Users/Sean Mercer/Documents/GitHub/CardsForHumanity/Content/Unlockables/FontColors/ReaderFonts/FontReader_004.uexp" 539
"C:/Users/Sean Mercer/Documents/GitHub/CardsForHumanity/Content/Unlockables/FontColors/ReaderFonts/FontReader_003.uasset" 540
"C:/Users/Sean Mercer/Documents/GitHub/CardsForHumanity/Content/Unlockables/FontColors/ReaderFonts/FontReader_003.uexp" 541
"C:/Users/Sean Mercer/Documents/GitHub/CardsForHumanity/Content/Unlockables/FontColors/ReaderFonts/FontReader_002.uasset" 542
"C:/Users/Sean Mercer/Documents/GitHub/CardsForHumanity/Content/Unlockables/FontColors/ReaderFonts/FontReader_002.uexp" 543
"C:/Users/Sean Mercer/Documents/GitHub/CardsForHumanity/Content/Unlockables/FontColors/ReaderFonts/FontReader_001.uasset" 544
"C:/Users/Sean Mercer/Documents/GitHub/CardsForHumanity/Content/Unlockables/FontColors/ReaderFonts/FontReader_001.uexp" 545
"C:/Users/Sean Mercer/Documents/GitHub/CardsForHumanity/Content/Unlockables/FontColors/ReaderFonts/FancyColors/FontReader_Fancy_05.uasset" 546
"C:/Users/Sean Mercer/Documents/GitHub/CardsForHumanity/Content/Unlockables/FontColors/ReaderFonts/FancyColors/FontReader_Fancy_05.uexp" 547
"C:/Users/Sean Mercer/Documents/GitHub/CardsForHumanity/Content/Unlockables/FontColors/ReaderFonts/FancyColors/FontReader_Fancy_04.uasset" 548
"C:/Users/Sean Mercer/Documents/GitHub/CardsForHumanity/Content/Unlockables/FontColors/ReaderFonts/FancyColors/FontReader_Fancy_04.uexp" 549
"C:/Users/Sean Mercer/Documents/GitHub/CardsForHumanity/Content/Unlockables/FontColors/ReaderFonts/FancyColors/FontReader_Fancy_03.uasset" 550
"C:/Users/Sean Mercer/Documents/GitHub/CardsForHumanity/Content/Unlockables/FontColors/ReaderFonts/FancyColors/FontReader_Fancy_03.uexp" 551
"C:/Users/Sean Mercer/Documents/GitHub/CardsForHumanity/Content/Unlockables/FontColors/ReaderFonts/FancyColors/FontReader_Fancy_02.uasset" 552
"C:/Users/Sean Mercer/Documents/GitHub/CardsForHumanity/Content/Unlockables/FontColors/ReaderFonts/FancyColors/FontReader_Fancy_02.uexp" 553
"C:/Users/Sean Mercer/Documents/GitHub/CardsForHumanity/Content/Unlockables/FontColors/ReaderFonts/FancyColors/FontReader_Fancy_01.uasset" 554
"C:/Users/Sean Mercer/Documents/GitHub/CardsForHumanity/Content/Unlockables/FontColors/ReaderFonts/FancyColors/FontReader_Fancy_01.uexp" 555
"C:/Users/Sean Mercer/Documents/GitHub/CardsForHumanity/Content/Unlockables/FontColors/ReaderFonts/FontReader_006.uasset" 556
"C:/Users/Sean Mercer/Documents/GitHub/CardsForHumanity/Content/Unlockables/FontColors/ReaderFonts/FontReader_006.uexp" 557
"C:/Users/Sean Mercer/Documents/GitHub/CardsForHumanity/Content/Unlockables/FontColors/ReaderCardFontStruct.uasset" 558
"C:/Users/Sean Mercer/Documents/GitHub/CardsForHumanity/Content/Unlockables/FontColors/ReaderCardFontStruct.uexp" 559
"C:/Users/Sean Mercer/Documents/GitHub/CardsForHumanity/Content/Blueprints/CardStuff/Widget_CardText_Black.uasset" 560
"C:/Users/Sean Mercer/Documents/GitHub/CardsForHumanity/Content/Blueprints/CardStuff/Widget_CardText_Black.uexp" 561
"C:/Users/Sean Mercer/Documents/GitHub/CardsForHumanity/Content/Meshes/SM_Card.uasset" 562
"C:/Users/Sean Mercer/Documents/GitHub/CardsForHumanity/Content/Meshes/SM_Card.uexp" 563
"C:/Users/Sean Mercer/Documents/GitHub/CardsForHumanity/Content/Unlockables/Pop.uasset" 564
"C:/Users/Sean Mercer/Documents/GitHub/CardsForHumanity/Content/Unlockables/Pop.uexp" 565
"C:/Users/Sean Mercer/Documents/GitHub/CardsForHumanity/Content/Materials-Textures/ColorWheel2.uasset" 566
"C:/Users/Sean Mercer/Documents/GitHub/CardsForHumanity/Content/Materials-Textures/ColorWheel2.uexp" 567
"C:/Users/Sean Mercer/Documents/GitHub/CardsForHumanity/Content/Materials-Textures/ColorWheel2.ubulk" 568
"C:/Users/Sean Mercer/Documents/GitHub/CardsForHumanity/Content/Materials-Textures/ColorWheel_Mat.uasset" 569
"C:/Users/Sean Mercer/Documents/GitHub/CardsForHumanity/Content/Materials-Textures/ColorWheel_Mat.uexp" 570
"C:/Users/Sean Mercer/Documents/GitHub/CardsForHumanity/Content/Unlockables/Confetti_P.uasset" 571
"C:/Users/Sean Mercer/Documents/GitHub/CardsForHumanity/Content/Unlockables/Confetti_P.uexp" 572
"C:/Users/Sean Mercer/Documents/GitHub/CardsForHumanity/Content/Networking/Widgets/PlayerLeftGame_Widget.uasset" 573
"C:/Users/Sean Mercer/Documents/GitHub/CardsForHumanity/Content/Networking/Widgets/PlayerLeftGame_Widget.uexp" 574
"C:/Users/Sean Mercer/Documents/GitHub/CardsForHumanity/Content/Networking/Widgets/MatchFull_Widget.uasset" 575
"C:/Users/Sean Mercer/Documents/GitHub/CardsForHumanity/Content/Networking/Widgets/MatchFull_Widget.uexp" 576
"C:/Users/Sean Mercer/Documents/GitHub/CardsForHumanity/Content/Networking/Widgets/BeenKicked_Widget.uasset" 577
"C:/Users/Sean Mercer/Documents/GitHub/CardsForHumanity/Content/Networking/Widgets/BeenKicked_Widget.uexp" 578
"C:/Users/Sean Mercer/Documents/GitHub/CardsForHumanity/Content/Blueprints/GameModes-Controller/MainMenu/Widget_LevelUp.uasset" 579
"C:/Users/Sean Mercer/Documents/GitHub/CardsForHumanity/Content/Blueprints/GameModes-Controller/MainMenu/Widget_LevelUp.uexp" 580
"C:/Users/Sean Mercer/Documents/GitHub/CardsForHumanity/Content/Blueprints/GameModes-Controller/MainMenu/FadeInWidget.uasset" 581
"C:/Users/Sean Mercer/Documents/GitHub/CardsForHumanity/Content/Blueprints/GameModes-Controller/MainMenu/FadeInWidget.uexp" 582
"C:/Users/Sean Mercer/Documents/GitHub/CardsForHumanity/Content/Blueprints/GameModes-Controller/MainMenu/Widget_EnterNichardName.uasset" 583
"C:/Users/Sean Mercer/Documents/GitHub/CardsForHumanity/Content/Blueprints/GameModes-Controller/MainMenu/Widget_EnterNichardName.uexp" 584
"../../../Engine/Content/EngineSounds/Master.uasset" 585
"../../../Engine/Content/EngineSounds/Master.uexp" 586
"C:/Users/Sean Mercer/Documents/GitHub/CardsForHumanity/Content/Audio/MasterSoundMix.uasset" 587
"C:/Users/Sean Mercer/Documents/GitHub/CardsForHumanity/Content/Audio/MasterSoundMix.uexp" 588
"C:/Users/Sean Mercer/Documents/GitHub/CardsForHumanity/Content/Blueprints/GameModes-Controller/MainMenu/PC_MainMenu.uasset" 589
"C:/Users/Sean Mercer/Documents/GitHub/CardsForHumanity/Content/Blueprints/GameModes-Controller/MainMenu/PC_MainMenu.uexp" 590
"C:/Users/Sean Mercer/Documents/GitHub/CardsForHumanity/Content/Blueprints/CardStuff/MainMenuCards/Actor_Card.uasset" 591
"C:/Users/Sean Mercer/Documents/GitHub/CardsForHumanity/Content/Blueprints/CardStuff/MainMenuCards/Actor_Card.uexp" 592
"C:/Users/Sean Mercer/Documents/GitHub/CardsForHumanity/Content/Blueprints/CardStuff/Actor_BlackCard_Child.uasset" 593
"C:/Users/Sean Mercer/Documents/GitHub/CardsForHumanity/Content/Blueprints/CardStuff/Actor_BlackCard_Child.uexp" 594
"C:/Users/Sean Mercer/Documents/GitHub/CardsForHumanity/Content/Blueprints/CardStuff/Actor_Deck.uasset" 595
"C:/Users/Sean Mercer/Documents/GitHub/CardsForHumanity/Content/Blueprints/CardStuff/Actor_Deck.uexp" 596
"C:/Users/Sean Mercer/Documents/GitHub/CardsForHumanity/Content/Blueprints/GameModes-Controller/Steam_GameInstance.uasset" 597
"C:/Users/Sean Mercer/Documents/GitHub/CardsForHumanity/Content/Blueprints/GameModes-Controller/Steam_GameInstance.uexp" 598
"C:/Users/Sean Mercer/Documents/GitHub/CardsForHumanity/Content/Networking/Widgets/Widget_HostGameOptions.uasset" 599
"C:/Users/Sean Mercer/Documents/GitHub/CardsForHumanity/Content/Networking/Widgets/Widget_HostGameOptions.uexp" 600
"C:/Users/Sean Mercer/Documents/GitHub/CardsForHumanity/Content/Materials-Textures/T_Monitor.uasset" 601
"C:/Users/Sean Mercer/Documents/GitHub/CardsForHumanity/Content/Materials-Textures/T_Monitor.uexp" 602
"C:/Users/Sean Mercer/Documents/GitHub/CardsForHumanity/Content/Materials-Textures/T_Monitor.ubulk" 603
"C:/Users/Sean Mercer/Documents/GitHub/CardsForHumanity/Content/Materials-Textures/M_Monitor.uasset" 604
"C:/Users/Sean Mercer/Documents/GitHub/CardsForHumanity/Content/Materials-Textures/M_Monitor.uexp" 605
"C:/Users/Sean Mercer/Documents/GitHub/CardsForHumanity/Content/Meshes/Monitor.uasset" 606
"C:/Users/Sean Mercer/Documents/GitHub/CardsForHumanity/Content/Meshes/Monitor.uexp" 607
"C:/Users/Sean Mercer/Documents/GitHub/CardsForHumanity/Content/Networking/Widgets/Widget_SessionResult_UI.uasset" 608
"C:/Users/Sean Mercer/Documents/GitHub/CardsForHumanity/Content/Networking/Widgets/Widget_SessionResult_UI.uexp" 609
"C:/Users/Sean Mercer/Documents/GitHub/CardsForHumanity/Content/Blueprints/GameModes-Controller/MainMenu/Pawn_MainMenuCamera.uasset" 610
"C:/Users/Sean Mercer/Documents/GitHub/CardsForHumanity/Content/Blueprints/GameModes-Controller/MainMenu/Pawn_MainMenuCamera.uexp" 611
"C:/Users/Sean Mercer/Documents/GitHub/CardsForHumanity/Content/Blueprints/GameModes-Controller/MainMenu/GM_MainMenu.uasset" 612
"C:/Users/Sean Mercer/Documents/GitHub/CardsForHumanity/Content/Blueprints/GameModes-Controller/MainMenu/GM_MainMenu.uexp" 613
"C:/Users/Sean Mercer/Documents/GitHub/CardsForHumanity/Content/Data/Libraries/BPML_WidgetMacros.uasset" 614
"C:/Users/Sean Mercer/Documents/GitHub/CardsForHumanity/Content/Data/Libraries/BPML_WidgetMacros.uexp" 615
"C:/Users/Sean Mercer/Documents/GitHub/CardsForHumanity/Content/Networking/Widgets/Widget_JoinMatchScreen.uasset" 616
"C:/Users/Sean Mercer/Documents/GitHub/CardsForHumanity/Content/Networking/Widgets/Widget_JoinMatchScreen.uexp" 617
"C:/Users/Sean Mercer/Documents/GitHub/CardsForHumanity/Content/Blueprints/CardStuff/MainMenuCards/JoinGame_Card_Child.uasset" 618
"C:/Users/Sean Mercer/Documents/GitHub/CardsForHumanity/Content/Blueprints/CardStuff/MainMenuCards/JoinGame_Card_Child.uexp" 619
"C:/Users/Sean Mercer/Documents/GitHub/CardsForHumanity/Content/Blueprints/CardStuff/MainMenuCards/HostGame_Card_Child.uasset" 620
"C:/Users/Sean Mercer/Documents/GitHub/CardsForHumanity/Content/Blueprints/CardStuff/MainMenuCards/HostGame_Card_Child.uexp" 621
"C:/Users/Sean Mercer/Documents/GitHub/CardsForHumanity/Content/Blueprints/GameModes-Controller/MainMenu/BP_Monitor.uasset" 622
"C:/Users/Sean Mercer/Documents/GitHub/CardsForHumanity/Content/Blueprints/GameModes-Controller/MainMenu/BP_Monitor.uexp" 623
"C:/Users/Sean Mercer/Documents/GitHub/CardsForHumanity/Content/Nick.uasset" 624
"C:/Users/Sean Mercer/Documents/GitHub/CardsForHumanity/Content/Nick.uexp" 625
"C:/Users/Sean Mercer/Documents/GitHub/CardsForHumanity/Content/Nick_Mat.uasset" 626
"C:/Users/Sean Mercer/Documents/GitHub/CardsForHumanity/Content/Nick_Mat.uexp" 627
"C:/Users/Sean Mercer/Documents/GitHub/CardsForHumanity/Content/Materials-Textures/Clear.uasset" 628
"C:/Users/Sean Mercer/Documents/GitHub/CardsForHumanity/Content/Materials-Textures/Clear.uexp" 629
"C:/Users/Sean Mercer/Documents/GitHub/CardsForHumanity/Content/Fonts/ChalkboardFont/Rayando-xj18.uasset" 630
"C:/Users/Sean Mercer/Documents/GitHub/CardsForHumanity/Content/Fonts/ChalkboardFont/Rayando-xj18.uexp" 631
"C:/Users/Sean Mercer/Documents/GitHub/CardsForHumanity/Content/Fonts/ChalkboardFont/Rayando-xj18.ufont" 632
"C:/Users/Sean Mercer/Documents/GitHub/CardsForHumanity/Content/Fonts/ChalkboardFont/Rayando-xj18_Font.uasset" 633
"C:/Users/Sean Mercer/Documents/GitHub/CardsForHumanity/Content/Fonts/ChalkboardFont/Rayando-xj18_Font.uexp" 634
"C:/Users/Sean Mercer/Documents/GitHub/CardsForHumanity/Content/Blueprints/GameModes-Controller/MainMenu/Widget_OptionsMenu.uasset" 635
"C:/Users/Sean Mercer/Documents/GitHub/CardsForHumanity/Content/Blueprints/GameModes-Controller/MainMenu/Widget_OptionsMenu.uexp" 636
"C:/Users/Sean Mercer/Documents/GitHub/CardsForHumanity/Content/Blueprints/CardStuff/MainMenuCards/Options_Card_Child.uasset" 637
"C:/Users/Sean Mercer/Documents/GitHub/CardsForHumanity/Content/Blueprints/CardStuff/MainMenuCards/Options_Card_Child.uexp" 638
"../../../Engine/Content/BasicShapes/Plane.uasset" 639
"../../../Engine/Content/BasicShapes/Plane.uexp" 640
"C:/Users/Sean Mercer/Documents/GitHub/CardsForHumanity/Content/Blueprints/GameModes-Controller/MainMenu/OptionsChalkBoard.uasset" 641
"C:/Users/Sean Mercer/Documents/GitHub/CardsForHumanity/Content/Blueprints/GameModes-Controller/MainMenu/OptionsChalkBoard.uexp" 642
"C:/Users/Sean Mercer/Documents/GitHub/CardsForHumanity/Content/Meshes/SM_Room.uasset" 643
"C:/Users/Sean Mercer/Documents/GitHub/CardsForHumanity/Content/Meshes/SM_Room.uexp" 644
"C:/Users/Sean Mercer/Documents/GitHub/CardsForHumanity/Content/Meshes/SM_Table.uasset" 645
"C:/Users/Sean Mercer/Documents/GitHub/CardsForHumanity/Content/Meshes/SM_Table.uexp" 646
"C:/Users/Sean Mercer/Documents/GitHub/CardsForHumanity/Content/Audio/CardSlaps/Slap_04.uasset" 647
"C:/Users/Sean Mercer/Documents/GitHub/CardsForHumanity/Content/Audio/CardSlaps/Slap_04.uexp" 648
"C:/Users/Sean Mercer/Documents/GitHub/CardsForHumanity/Content/Audio/CardSlaps/Slap_03.uasset" 649
"C:/Users/Sean Mercer/Documents/GitHub/CardsForHumanity/Content/Audio/CardSlaps/Slap_03.uexp" 650
"C:/Users/Sean Mercer/Documents/GitHub/CardsForHumanity/Content/Audio/CardSlaps/Slap_02.uasset" 651
"C:/Users/Sean Mercer/Documents/GitHub/CardsForHumanity/Content/Audio/CardSlaps/Slap_02.uexp" 652
"C:/Users/Sean Mercer/Documents/GitHub/CardsForHumanity/Content/Audio/CardSlaps/Slap_01.uasset" 653
"C:/Users/Sean Mercer/Documents/GitHub/CardsForHumanity/Content/Audio/CardSlaps/Slap_01.uexp" 654
"C:/Users/Sean Mercer/Documents/GitHub/CardsForHumanity/Content/Audio/CardSlaps/CardSlap_Cue.uasset" 655
"C:/Users/Sean Mercer/Documents/GitHub/CardsForHumanity/Content/Audio/CardSlaps/CardSlap_Cue.uexp" 656
"C:/Users/Sean Mercer/Documents/GitHub/CardsForHumanity/Content/Audio/CardSlides/Slide_09.uasset" 657
"C:/Users/Sean Mercer/Documents/GitHub/CardsForHumanity/Content/Audio/CardSlides/Slide_09.uexp" 658
"C:/Users/Sean Mercer/Documents/GitHub/CardsForHumanity/Content/Audio/CardSlides/Slide_08.uasset" 659
"C:/Users/Sean Mercer/Documents/GitHub/CardsForHumanity/Content/Audio/CardSlides/Slide_08.uexp" 660
"C:/Users/Sean Mercer/Documents/GitHub/CardsForHumanity/Content/Audio/CardSlides/Slide_07.uasset" 661
"C:/Users/Sean Mercer/Documents/GitHub/CardsForHumanity/Content/Audio/CardSlides/Slide_07.uexp" 662
"C:/Users/Sean Mercer/Documents/GitHub/CardsForHumanity/Content/Audio/CardSlides/Slide_06.uasset" 663
"C:/Users/Sean Mercer/Documents/GitHub/CardsForHumanity/Content/Audio/CardSlides/Slide_06.uexp" 664
"C:/Users/Sean Mercer/Documents/GitHub/CardsForHumanity/Content/Audio/CardSlides/Slide_05.uasset" 665
"C:/Users/Sean Mercer/Documents/GitHub/CardsForHumanity/Content/Audio/CardSlides/Slide_05.uexp" 666
"C:/Users/Sean Mercer/Documents/GitHub/CardsForHumanity/Content/Audio/CardSlides/Slide_04.uasset" 667
"C:/Users/Sean Mercer/Documents/GitHub/CardsForHumanity/Content/Audio/CardSlides/Slide_04.uexp" 668
"C:/Users/Sean Mercer/Documents/GitHub/CardsForHumanity/Content/Audio/CardSlides/Slide_03.uasset" 669
"C:/Users/Sean Mercer/Documents/GitHub/CardsForHumanity/Content/Audio/CardSlides/Slide_03.uexp" 670
"C:/Users/Sean Mercer/Documents/GitHub/CardsForHumanity/Content/Audio/CardSlides/Slide_02.uasset" 671
"C:/Users/Sean Mercer/Documents/GitHub/CardsForHumanity/Content/Audio/CardSlides/Slide_02.uexp" 672
"C:/Users/Sean Mercer/Documents/GitHub/CardsForHumanity/Content/Audio/CardSlides/Slide_01.uasset" 673
"C:/Users/Sean Mercer/Documents/GitHub/CardsForHumanity/Content/Audio/CardSlides/Slide_01.uexp" 674
"C:/Users/Sean Mercer/Documents/GitHub/CardsForHumanity/Content/Audio/CardSlides/CardSlide_Cue.uasset" 675
"C:/Users/Sean Mercer/Documents/GitHub/CardsForHumanity/Content/Audio/CardSlides/CardSlide_Cue.uexp" 676
"C:/Users/Sean Mercer/Documents/GitHub/CardsForHumanity/Content/Audio/ChalkboardWriting/Chalk_06.uasset" 677
"C:/Users/Sean Mercer/Documents/GitHub/CardsForHumanity/Content/Audio/ChalkboardWriting/Chalk_06.uexp" 678
"C:/Users/Sean Mercer/Documents/GitHub/CardsForHumanity/Content/Audio/ChalkboardWriting/Chalk_05.uasset" 679
"C:/Users/Sean Mercer/Documents/GitHub/CardsForHumanity/Content/Audio/ChalkboardWriting/Chalk_05.uexp" 680
"C:/Users/Sean Mercer/Documents/GitHub/CardsForHumanity/Content/Audio/ChalkboardWriting/Chalk_04.uasset" 681
"C:/Users/Sean Mercer/Documents/GitHub/CardsForHumanity/Content/Audio/ChalkboardWriting/Chalk_04.uexp" 682
"C:/Users/Sean Mercer/Documents/GitHub/CardsForHumanity/Content/Audio/ChalkboardWriting/Chalk_03.uasset" 683
"C:/Users/Sean Mercer/Documents/GitHub/CardsForHumanity/Content/Audio/ChalkboardWriting/Chalk_03.uexp" 684
"C:/Users/Sean Mercer/Documents/GitHub/CardsForHumanity/Content/Audio/ChalkboardWriting/Chalk_02.uasset" 685
"C:/Users/Sean Mercer/Documents/GitHub/CardsForHumanity/Content/Audio/ChalkboardWriting/Chalk_02.uexp" 686
"C:/Users/Sean Mercer/Documents/GitHub/CardsForHumanity/Content/Audio/ChalkboardWriting/Chalk_01.uasset" 687
"C:/Users/Sean Mercer/Documents/GitHub/CardsForHumanity/Content/Audio/ChalkboardWriting/Chalk_01.uexp" 688
"C:/Users/Sean Mercer/Documents/GitHub/CardsForHumanity/Content/Audio/ChalkboardWriting/Chalk_SoundCue.uasset" 689
"C:/Users/Sean Mercer/Documents/GitHub/CardsForHumanity/Content/Audio/ChalkboardWriting/Chalk_SoundCue.uexp" 690
"C:/Users/Sean Mercer/Documents/GitHub/CardsForHumanity/Content/Images/PlaceholderNotebookPaper.uasset" 691
"C:/Users/Sean Mercer/Documents/GitHub/CardsForHumanity/Content/Images/PlaceholderNotebookPaper.uexp" 692
"C:/Users/Sean Mercer/Documents/GitHub/CardsForHumanity/Content/Images/BlankCardPack_Placeholder.uasset" 693
"C:/Users/Sean Mercer/Documents/GitHub/CardsForHumanity/Content/Images/BlankCardPack_Placeholder.uexp" 694
"C:/Users/Sean Mercer/Documents/GitHub/CardsForHumanity/Content/Data/S_IntArray.uasset" 695
"C:/Users/Sean Mercer/Documents/GitHub/CardsForHumanity/Content/Data/S_IntArray.uexp" 696
"C:/Users/Sean Mercer/Documents/GitHub/CardsForHumanity/Content/Data/Libraries/BPFL_DeckOps.uasset" 697
"C:/Users/Sean Mercer/Documents/GitHub/CardsForHumanity/Content/Data/Libraries/BPFL_DeckOps.uexp" 698
"C:/Users/Sean Mercer/Documents/GitHub/CardsForHumanity/Content/Blueprints/CardStuff/Widget_DeckCreator_WhiteEdit.uasset" 699
"C:/Users/Sean Mercer/Documents/GitHub/CardsForHumanity/Content/Blueprints/CardStuff/Widget_DeckCreator_WhiteEdit.uexp" 700
"C:/Users/Sean Mercer/Documents/GitHub/CardsForHumanity/Content/Blueprints/CardStuff/Widget_DeckEditor_WhiteTextBox.uasset" 701
"C:/Users/Sean Mercer/Documents/GitHub/CardsForHumanity/Content/Blueprints/CardStuff/Widget_DeckEditor_WhiteTextBox.uexp" 702
"C:/Users/Sean Mercer/Documents/GitHub/CardsForHumanity/Content/Blueprints/CardStuff/Widget_DeckCreator_BlackEdit.uasset" 703
"C:/Users/Sean Mercer/Documents/GitHub/CardsForHumanity/Content/Blueprints/CardStuff/Widget_DeckCreator_BlackEdit.uexp" 704
"C:/Users/Sean Mercer/Documents/GitHub/CardsForHumanity/Content/Blueprints/CardStuff/Widget_DeckEditor_BlackTextBox.uasset" 705
"C:/Users/Sean Mercer/Documents/GitHub/CardsForHumanity/Content/Blueprints/CardStuff/Widget_DeckEditor_BlackTextBox.uexp" 706
"../../../Engine/Content/EngineFonts/Faces/RobotoRegular.uasset" 707
"../../../Engine/Content/EngineFonts/Faces/RobotoRegular.uexp" 708
"../../../Engine/Content/EngineFonts/Faces/RobotoRegular.ufont" 709
"../../../Engine/Content/EngineFonts/Faces/RobotoLight.uasset" 710
"../../../Engine/Content/EngineFonts/Faces/RobotoLight.uexp" 711
"../../../Engine/Content/EngineFonts/Faces/RobotoLight.ufont" 712
"../../../Engine/Content/EngineFonts/Faces/RobotoItalic.uasset" 713
"../../../Engine/Content/EngineFonts/Faces/RobotoItalic.uexp" 714
"../../../Engine/Content/EngineFonts/Faces/RobotoItalic.ufont" 715
"../../../Engine/Content/EngineFonts/Faces/RobotoBoldItalic.uasset" 716
"../../../Engine/Content/EngineFonts/Faces/RobotoBoldItalic.uexp" 717
"../../../Engine/Content/EngineFonts/Faces/RobotoBoldItalic.ufont" 718
"../../../Engine/Content/EngineFonts/Faces/RobotoBold.uasset" 719
"../../../Engine/Content/EngineFonts/Faces/RobotoBold.uexp" 720
"../../../Engine/Content/EngineFonts/Faces/RobotoBold.ufont" 721
"../../../Engine/Content/EngineFonts/Roboto.uasset" 722
"../../../Engine/Content/EngineFonts/Roboto.uexp" 723
"C:/Users/Sean Mercer/Documents/GitHub/CardsForHumanity/Content/Blueprints/CardStuff/Widget_DeckCreator_NameDeck_Rename.uasset" 724
"C:/Users/Sean Mercer/Documents/GitHub/CardsForHumanity/Content/Blueprints/CardStuff/Widget_DeckCreator_NameDeck_Rename.uexp" 725
"C:/Users/Sean Mercer/Documents/GitHub/CardsForHumanity/Content/Blueprints/CardStuff/Widget_DeckCreator_AddCard.uasset" 726
"C:/Users/Sean Mercer/Documents/GitHub/CardsForHumanity/Content/Blueprints/CardStuff/Widget_DeckCreator_AddCard.uexp" 727
"C:/Users/Sean Mercer/Documents/GitHub/CardsForHumanity/Content/Blueprints/CardStuff/Widget_DeckEditor_Breakdown.uasset" 728
"C:/Users/Sean Mercer/Documents/GitHub/CardsForHumanity/Content/Blueprints/CardStuff/Widget_DeckEditor_Breakdown.uexp" 729
"C:/Users/Sean Mercer/Documents/GitHub/CardsForHumanity/Content/Blueprints/CardStuff/Widget_DeckEditor_DeckInfo_Testing.uasset" 730
"C:/Users/Sean Mercer/Documents/GitHub/CardsForHumanity/Content/Blueprints/CardStuff/Widget_DeckEditor_DeckInfo_Testing.uexp" 731
"C:/Users/Sean Mercer/Documents/GitHub/CardsForHumanity/Content/Blueprints/CardStuff/Widget_DeckEditor_DeckInfo.uasset" 732
"C:/Users/Sean Mercer/Documents/GitHub/CardsForHumanity/Content/Blueprints/CardStuff/Widget_DeckEditor_DeckInfo.uexp" 733
"C:/Users/Sean Mercer/Documents/GitHub/CardsForHumanity/Content/Blueprints/CardStuff/MainMenuCards/FunnyForge_Card_Child.uasset" 734
"C:/Users/Sean Mercer/Documents/GitHub/CardsForHumanity/Content/Blueprints/CardStuff/MainMenuCards/FunnyForge_Card_Child.uexp" 735
"C:/Users/Sean Mercer/Documents/GitHub/CardsForHumanity/Content/Blueprints/CardStuff/Widget_DeckEditor.uasset" 736
"C:/Users/Sean Mercer/Documents/GitHub/CardsForHumanity/Content/Blueprints/CardStuff/Widget_DeckEditor.uexp" 737
"C:/Users/Sean Mercer/Documents/GitHub/CardsForHumanity/Content/Blueprints/CardStuff/Widget_ForgeOptions.uasset" 738
"C:/Users/Sean Mercer/Documents/GitHub/CardsForHumanity/Content/Blueprints/CardStuff/Widget_ForgeOptions.uexp" 739
"C:/Users/Sean Mercer/Documents/GitHub/CardsForHumanity/Content/Blueprints/CardStuff/Widget_DeckCreator_NameDeck.uasset" 740
"C:/Users/Sean Mercer/Documents/GitHub/CardsForHumanity/Content/Blueprints/CardStuff/Widget_DeckCreator_NameDeck.uexp" 741
"C:/Users/Sean Mercer/Documents/GitHub/CardsForHumanity/Content/Fonts/HandwrittenFont/Daniel-Regular.uasset" 742
"C:/Users/Sean Mercer/Documents/GitHub/CardsForHumanity/Content/Fonts/HandwrittenFont/Daniel-Regular.uexp" 743
"C:/Users/Sean Mercer/Documents/GitHub/CardsForHumanity/Content/Fonts/HandwrittenFont/Daniel-Regular.ufont" 744
"C:/Users/Sean Mercer/Documents/GitHub/CardsForHumanity/Content/Fonts/HandwrittenFont/Daniel-Bold.uasset" 745
"C:/Users/Sean Mercer/Documents/GitHub/CardsForHumanity/Content/Fonts/HandwrittenFont/Daniel-Bold.uexp" 746
"C:/Users/Sean Mercer/Documents/GitHub/CardsForHumanity/Content/Fonts/HandwrittenFont/Daniel-Bold.ufont" 747
"C:/Users/Sean Mercer/Documents/GitHub/CardsForHumanity/Content/Fonts/HandwrittenFont/Daniel-Black.uasset" 748
"C:/Users/Sean Mercer/Documents/GitHub/CardsForHumanity/Content/Fonts/HandwrittenFont/Daniel-Black.uexp" 749
"C:/Users/Sean Mercer/Documents/GitHub/CardsForHumanity/Content/Fonts/HandwrittenFont/Daniel-Black.ufont" 750
"C:/Users/Sean Mercer/Documents/GitHub/CardsForHumanity/Content/Fonts/HandwrittenFont/Daniel-Regular_Font.uasset" 751
"C:/Users/Sean Mercer/Documents/GitHub/CardsForHumanity/Content/Fonts/HandwrittenFont/Daniel-Regular_Font.uexp" 752
"C:/Users/Sean Mercer/Documents/GitHub/CardsForHumanity/Content/Images/Icons/Icon_06_White.uasset" 753
"C:/Users/Sean Mercer/Documents/GitHub/CardsForHumanity/Content/Images/Icons/Icon_06_White.uexp" 754
"C:/Users/Sean Mercer/Documents/GitHub/CardsForHumanity/Content/Images/Icons/Icon_06.uasset" 755
"C:/Users/Sean Mercer/Documents/GitHub/CardsForHumanity/Content/Images/Icons/Icon_06.uexp" 756
"C:/Users/Sean Mercer/Documents/GitHub/CardsForHumanity/Content/Images/Icons/Icon_05_White.uasset" 757
"C:/Users/Sean Mercer/Documents/GitHub/CardsForHumanity/Content/Images/Icons/Icon_05_White.uexp" 758
"C:/Users/Sean Mercer/Documents/GitHub/CardsForHumanity/Content/Images/Icons/Icon_05.uasset" 759
"C:/Users/Sean Mercer/Documents/GitHub/CardsForHumanity/Content/Images/Icons/Icon_05.uexp" 760
"C:/Users/Sean Mercer/Documents/GitHub/CardsForHumanity/Content/Images/Icons/Icon_04_White.uasset" 761
"C:/Users/Sean Mercer/Documents/GitHub/CardsForHumanity/Content/Images/Icons/Icon_04_White.uexp" 762
"C:/Users/Sean Mercer/Documents/GitHub/CardsForHumanity/Content/Images/Icons/Icon_04.uasset" 763
"C:/Users/Sean Mercer/Documents/GitHub/CardsForHumanity/Content/Images/Icons/Icon_04.uexp" 764
"C:/Users/Sean Mercer/Documents/GitHub/CardsForHumanity/Content/Images/Icons/Icon_03_White.uasset" 765
"C:/Users/Sean Mercer/Documents/GitHub/CardsForHumanity/Content/Images/Icons/Icon_03_White.uexp" 766
"C:/Users/Sean Mercer/Documents/GitHub/CardsForHumanity/Content/Images/Icons/Icon_03.uasset" 767
"C:/Users/Sean Mercer/Documents/GitHub/CardsForHumanity/Content/Images/Icons/Icon_03.uexp" 768
"C:/Users/Sean Mercer/Documents/GitHub/CardsForHumanity/Content/Images/Icons/Icon_02_White.uasset" 769
"C:/Users/Sean Mercer/Documents/GitHub/CardsForHumanity/Content/Images/Icons/Icon_02_White.uexp" 770
"C:/Users/Sean Mercer/Documents/GitHub/CardsForHumanity/Content/Images/Icons/Icon_02.uasset" 771
"C:/Users/Sean Mercer/Documents/GitHub/CardsForHumanity/Content/Images/Icons/Icon_02.uexp" 772
"C:/Users/Sean Mercer/Documents/GitHub/CardsForHumanity/Content/Images/Icons/Icon_01_White.uasset" 773
"C:/Users/Sean Mercer/Documents/GitHub/CardsForHumanity/Content/Images/Icons/Icon_01_White.uexp" 774
"C:/Users/Sean Mercer/Documents/GitHub/CardsForHumanity/Content/Images/Icons/Icon_01.uasset" 775
"C:/Users/Sean Mercer/Documents/GitHub/CardsForHumanity/Content/Images/Icons/Icon_01.uexp" 776
"C:/Users/Sean Mercer/Documents/GitHub/CardsForHumanity/Content/Blueprints/CardStuff/TEST_Widget_DeckCreator_NameDeck.uasset" 777
"C:/Users/Sean Mercer/Documents/GitHub/CardsForHumanity/Content/Blueprints/CardStuff/TEST_Widget_DeckCreator_NameDeck.uexp" 778
"C:/Users/Sean Mercer/Documents/GitHub/CardsForHumanity/Content/Blueprints/CardStuff/Widget_DeckCreator.uasset" 779
"C:/Users/Sean Mercer/Documents/GitHub/CardsForHumanity/Content/Blueprints/CardStuff/Widget_DeckCreator.uexp" 780
"C:/Users/Sean Mercer/Documents/GitHub/CardsForHumanity/Content/Blueprints/GameModes-Controller/MultiplayerLobby/Widget_FriendInfo.uasset" 781
"C:/Users/Sean Mercer/Documents/GitHub/CardsForHumanity/Content/Blueprints/GameModes-Controller/MultiplayerLobby/Widget_FriendInfo.uexp" 782
"C:/Users/Sean Mercer/Documents/GitHub/CardsForHumanity/Content/Blueprints/GameModes-Controller/MultiplayerLobby/Widget_Steam_InviteFriend.uasset" 783
"C:/Users/Sean Mercer/Documents/GitHub/CardsForHumanity/Content/Blueprints/GameModes-Controller/MultiplayerLobby/Widget_Steam_InviteFriend.uexp" 784
"C:/Users/Sean Mercer/Documents/GitHub/CardsForHumanity/Content/Blueprints/GameModes-Controller/MultiplayerLobby/Widget_Lobby_Checkbox.uasset" 785
"C:/Users/Sean Mercer/Documents/GitHub/CardsForHumanity/Content/Blueprints/GameModes-Controller/MultiplayerLobby/Widget_Lobby_Checkbox.uexp" 786
"C:/Users/Sean Mercer/Documents/GitHub/CardsForHumanity/Content/Blueprints/GameModes-Controller/MultiplayerLobby/Widget_LobbyHostScreen.uasset" 787
"C:/Users/Sean Mercer/Documents/GitHub/CardsForHumanity/Content/Blueprints/GameModes-Controller/MultiplayerLobby/Widget_LobbyHostScreen.uexp" 788
"C:/Users/Sean Mercer/Documents/GitHub/CardsForHumanity/Content/Blueprints/GameModes-Controller/MultiplayerLobby/Widget_KickPlayer.uasset" 789
"C:/Users/Sean Mercer/Documents/GitHub/CardsForHumanity/Content/Blueprints/GameModes-Controller/MultiplayerLobby/Widget_KickPlayer.uexp" 790
"C:/Users/Sean Mercer/Documents/GitHub/CardsForHumanity/Content/Blueprints/GameModes-Controller/MultiplayerLobby/PS_Lobby.uasset" 791
"C:/Users/Sean Mercer/Documents/GitHub/CardsForHumanity/Content/Blueprints/GameModes-Controller/MultiplayerLobby/PS_Lobby.uexp" 792
"C:/Users/Sean Mercer/Documents/GitHub/CardsForHumanity/Content/Blueprints/GameModes-Controller/MultiplayerLobby/LobbyCharacter.uasset" 793
"C:/Users/Sean Mercer/Documents/GitHub/CardsForHumanity/Content/Blueprints/GameModes-Controller/MultiplayerLobby/LobbyCharacter.uexp" 794
"C:/Users/Sean Mercer/Documents/GitHub/CardsForHumanity/Content/Blueprints/GameModes-Controller/MultiplayerLobby/Widget_PlayerName.uasset" 795
"C:/Users/Sean Mercer/Documents/GitHub/CardsForHumanity/Content/Blueprints/GameModes-Controller/MultiplayerLobby/Widget_PlayerName.uexp" 796
"C:/Users/Sean Mercer/Documents/GitHub/CardsForHumanity/Content/Blueprints/GameModes-Controller/MultiplayerLobby/PC_Lobby.uasset" 797
"C:/Users/Sean Mercer/Documents/GitHub/CardsForHumanity/Content/Blueprints/GameModes-Controller/MultiplayerLobby/PC_Lobby.uexp" 798
"C:/Users/Sean Mercer/Documents/GitHub/CardsForHumanity/Content/Blueprints/GameModes-Controller/MultiplayerLobby/Widget_Lobby_Checkbox_PlayerDeck_Child.uasset" 799
"C:/Users/Sean Mercer/Documents/GitHub/CardsForHumanity/Content/Blueprints/GameModes-Controller/MultiplayerLobby/Widget_Lobby_Checkbox_PlayerDeck_Child.uexp" 800
"C:/Users/Sean Mercer/Documents/GitHub/CardsForHumanity/Content/Blueprints/GameModes-Controller/MultiplayerLobby/Widget_LobbyClientScreen.uasset" 801
"C:/Users/Sean Mercer/Documents/GitHub/CardsForHumanity/Content/Blueprints/GameModes-Controller/MultiplayerLobby/Widget_LobbyClientScreen.uexp" 802
"C:/Users/Sean Mercer/Documents/GitHub/CardsForHumanity/Content/Blueprints/GameModes-Controller/MultiplayerLobby/GS_Lobby.uasset" 803
"C:/Users/Sean Mercer/Documents/GitHub/CardsForHumanity/Content/Blueprints/GameModes-Controller/MultiplayerLobby/GS_Lobby.uexp" 804
"C:/Users/Sean Mercer/Documents/GitHub/CardsForHumanity/Content/Blueprints/GameModes-Controller/MultiplayerLobby/GM_Lobby.uasset" 805
"C:/Users/Sean Mercer/Documents/GitHub/CardsForHumanity/Content/Blueprints/GameModes-Controller/MultiplayerLobby/GM_Lobby.uexp" 806
"C:/Users/Sean Mercer/Documents/GitHub/CardsForHumanity/Content/Unlockables/BackButton.uasset" 807
"C:/Users/Sean Mercer/Documents/GitHub/CardsForHumanity/Content/Unlockables/BackButton.uexp" 808
"C:/Users/Sean Mercer/Documents/GitHub/CardsForHumanity/Content/Unlockables/BackButton.ubulk" 809
"C:/Users/Sean Mercer/Documents/GitHub/CardsForHumanity/Content/Textures/BlankLogo.uasset" 810
"C:/Users/Sean Mercer/Documents/GitHub/CardsForHumanity/Content/Textures/BlankLogo.uexp" 811
"C:/Users/Sean Mercer/Documents/GitHub/CardsForHumanity/Content/Unlockables/PlayerCardColors/MetallicColors/UI_PlayerCardMetallicColor.uasset" 812
"C:/Users/Sean Mercer/Documents/GitHub/CardsForHumanity/Content/Unlockables/PlayerCardColors/MetallicColors/UI_PlayerCardMetallicColor.uexp" 813
"C:/Users/Sean Mercer/Documents/GitHub/CardsForHumanity/Content/Unlockables/PlayerCardColors/MetallicColors/UI_PlayerCardMetallicColor_04.uasset" 814
"C:/Users/Sean Mercer/Documents/GitHub/CardsForHumanity/Content/Unlockables/PlayerCardColors/MetallicColors/UI_PlayerCardMetallicColor_04.uexp" 815
"C:/Users/Sean Mercer/Documents/GitHub/CardsForHumanity/Content/Unlockables/PlayerCardColors/MetallicColors/UI_PlayerCardMetallicColor_03.uasset" 816
"C:/Users/Sean Mercer/Documents/GitHub/CardsForHumanity/Content/Unlockables/PlayerCardColors/MetallicColors/UI_PlayerCardMetallicColor_03.uexp" 817
"C:/Users/Sean Mercer/Documents/GitHub/CardsForHumanity/Content/Unlockables/PlayerCardColors/MetallicColors/UI_PlayerCardMetallicColor_02.uasset" 818
"C:/Users/Sean Mercer/Documents/GitHub/CardsForHumanity/Content/Unlockables/PlayerCardColors/MetallicColors/UI_PlayerCardMetallicColor_02.uexp" 819
"C:/Users/Sean Mercer/Documents/GitHub/CardsForHumanity/Content/Unlockables/PlayerCardColors/MetallicColors/UI_PlayerCardMetallicColor_01.uasset" 820
"C:/Users/Sean Mercer/Documents/GitHub/CardsForHumanity/Content/Unlockables/PlayerCardColors/MetallicColors/UI_PlayerCardMetallicColor_01.uexp" 821
"C:/Users/Sean Mercer/Documents/GitHub/CardsForHumanity/Content/Unlockables/PlayerCardColors/MetallicColors/Diamond/UI_PlayerCardDiamond.uasset" 822
"C:/Users/Sean Mercer/Documents/GitHub/CardsForHumanity/Content/Unlockables/PlayerCardColors/MetallicColors/Diamond/UI_PlayerCardDiamond.uexp" 823
"C:/Users/Sean Mercer/Documents/GitHub/CardsForHumanity/Content/Unlockables/PlayerCardColors/FancySchmancyColors/UI_PlayerCardFancy_05.uasset" 824
"C:/Users/Sean Mercer/Documents/GitHub/CardsForHumanity/Content/Unlockables/PlayerCardColors/FancySchmancyColors/UI_PlayerCardFancy_05.uexp" 825
"C:/Users/Sean Mercer/Documents/GitHub/CardsForHumanity/Content/Unlockables/PlayerCardColors/FancySchmancyColors/UI_PlayerCardFancy_04.uasset" 826
"C:/Users/Sean Mercer/Documents/GitHub/CardsForHumanity/Content/Unlockables/PlayerCardColors/FancySchmancyColors/UI_PlayerCardFancy_04.uexp" 827
"C:/Users/Sean Mercer/Documents/GitHub/CardsForHumanity/Content/Unlockables/PlayerCardColors/FancySchmancyColors/UI_PlayerCardFancy_03.uasset" 828
"C:/Users/Sean Mercer/Documents/GitHub/CardsForHumanity/Content/Unlockables/PlayerCardColors/FancySchmancyColors/UI_PlayerCardFancy_03.uexp" 829
"C:/Users/Sean Mercer/Documents/GitHub/CardsForHumanity/Content/Unlockables/PlayerCardColors/FancySchmancyColors/UI_PlayerCardFancy_02.uasset" 830
"C:/Users/Sean Mercer/Documents/GitHub/CardsForHumanity/Content/Unlockables/PlayerCardColors/FancySchmancyColors/UI_PlayerCardFancy_02.uexp" 831
"C:/Users/Sean Mercer/Documents/GitHub/CardsForHumanity/Content/Unlockables/PlayerCardColors/FancySchmancyColors/UI_PlayerCardFancy_01.uasset" 832
"C:/Users/Sean Mercer/Documents/GitHub/CardsForHumanity/Content/Unlockables/PlayerCardColors/FancySchmancyColors/UI_PlayerCardFancy_01.uexp" 833
"C:/Users/Sean Mercer/Documents/GitHub/CardsForHumanity/Content/Unlockables/PlayerCardColors/BasicColors/UI_Colors/UI_PlayerCardColor_Highlighted.uasset" 834
"C:/Users/Sean Mercer/Documents/GitHub/CardsForHumanity/Content/Unlockables/PlayerCardColors/BasicColors/UI_Colors/UI_PlayerCardColor_Highlighted.uexp" 835
"C:/Users/Sean Mercer/Documents/GitHub/CardsForHumanity/Content/Unlockables/PlayerCardColors/BasicColors/UI_Colors/UI_PlayerCardColor_Base.uasset" 836
"C:/Users/Sean Mercer/Documents/GitHub/CardsForHumanity/Content/Unlockables/PlayerCardColors/BasicColors/UI_Colors/UI_PlayerCardColor_Base.uexp" 837
"C:/Users/Sean Mercer/Documents/GitHub/CardsForHumanity/Content/Unlockables/PlayerCardColors/BasicColors/UI_Colors/UI_PlayerCardColor_010.uasset" 838
"C:/Users/Sean Mercer/Documents/GitHub/CardsForHumanity/Content/Unlockables/PlayerCardColors/BasicColors/UI_Colors/UI_PlayerCardColor_010.uexp" 839
"C:/Users/Sean Mercer/Documents/GitHub/CardsForHumanity/Content/Unlockables/PlayerCardColors/BasicColors/UI_Colors/UI_PlayerCardColor_009.uasset" 840
"C:/Users/Sean Mercer/Documents/GitHub/CardsForHumanity/Content/Unlockables/PlayerCardColors/BasicColors/UI_Colors/UI_PlayerCardColor_009.uexp" 841
"C:/Users/Sean Mercer/Documents/GitHub/CardsForHumanity/Content/Unlockables/PlayerCardColors/BasicColors/UI_Colors/UI_PlayerCardColor_008.uasset" 842
"C:/Users/Sean Mercer/Documents/GitHub/CardsForHumanity/Content/Unlockables/PlayerCardColors/BasicColors/UI_Colors/UI_PlayerCardColor_008.uexp" 843
"C:/Users/Sean Mercer/Documents/GitHub/CardsForHumanity/Content/Unlockables/PlayerCardColors/BasicColors/UI_Colors/UI_PlayerCardColor_007.uasset" 844
"C:/Users/Sean Mercer/Documents/GitHub/CardsForHumanity/Content/Unlockables/PlayerCardColors/BasicColors/UI_Colors/UI_PlayerCardColor_007.uexp" 845
"C:/Users/Sean Mercer/Documents/GitHub/CardsForHumanity/Content/Unlockables/PlayerCardColors/BasicColors/UI_Colors/UI_PlayerCardColor_006.uasset" 846
"C:/Users/Sean Mercer/Documents/GitHub/CardsForHumanity/Content/Unlockables/PlayerCardColors/BasicColors/UI_Colors/UI_PlayerCardColor_006.uexp" 847
"C:/Users/Sean Mercer/Documents/GitHub/CardsForHumanity/Content/Unlockables/PlayerCardColors/BasicColors/UI_Colors/UI_PlayerCardColor_005.uasset" 848
"C:/Users/Sean Mercer/Documents/GitHub/CardsForHumanity/Content/Unlockables/PlayerCardColors/BasicColors/UI_Colors/UI_PlayerCardColor_005.uexp" 849
"C:/Users/Sean Mercer/Documents/GitHub/CardsForHumanity/Content/Unlockables/PlayerCardColors/BasicColors/UI_Colors/UI_PlayerCardColor_004.uasset" 850
"C:/Users/Sean Mercer/Documents/GitHub/CardsForHumanity/Content/Unlockables/PlayerCardColors/BasicColors/UI_Colors/UI_PlayerCardColor_004.uexp" 851
"C:/Users/Sean Mercer/Documents/GitHub/CardsForHumanity/Content/Unlockables/PlayerCardColors/BasicColors/UI_Colors/UI_PlayerCardColor_003.uasset" 852
"C:/Users/Sean Mercer/Documents/GitHub/CardsForHumanity/Content/Unlockables/PlayerCardColors/BasicColors/UI_Colors/UI_PlayerCardColor_003.uexp" 853
"C:/Users/Sean Mercer/Documents/GitHub/CardsForHumanity/Content/Unlockables/PlayerCardColors/BasicColors/UI_Colors/UI_PlayerCardColor_002.uasset" 854
"C:/Users/Sean Mercer/Documents/GitHub/CardsForHumanity/Content/Unlockables/PlayerCardColors/BasicColors/UI_Colors/UI_PlayerCardColor_002.uexp" 855
"C:/Users/Sean Mercer/Documents/GitHub/CardsForHumanity/Content/Unlockables/PlayerCardColors/BasicColors/UI_Colors/UI_PlayerCardColor_001.uasset" 856
"C:/Users/Sean Mercer/Documents/GitHub/CardsForHumanity/Content/Unlockables/PlayerCardColors/BasicColors/UI_Colors/UI_PlayerCardColor_001.uexp" 857
"C:/Users/Sean Mercer/Documents/GitHub/CardsForHumanity/Content/Unlockables/PlayerCardColors/BasicColors/UI_Colors/UI_PlayerCardColor_Disabled.uasset" 858
"C:/Users/Sean Mercer/Documents/GitHub/CardsForHumanity/Content/Unlockables/PlayerCardColors/BasicColors/UI_Colors/UI_PlayerCardColor_Disabled.uexp" 859
"C:/Users/Sean Mercer/Documents/GitHub/CardsForHumanity/Content/Unlockables/ReaderCardColors/UI_Colors/UI_ReaderCardColor_Base.uasset" 860
"C:/Users/Sean Mercer/Documents/GitHub/CardsForHumanity/Content/Unlockables/ReaderCardColors/UI_Colors/UI_ReaderCardColor_Base.uexp" 861
"C:/Users/Sean Mercer/Documents/GitHub/CardsForHumanity/Content/Unlockables/ReaderCardColors/UI_Colors/UI_ReaderCardColor_10.uasset" 862
"C:/Users/Sean Mercer/Documents/GitHub/CardsForHumanity/Content/Unlockables/ReaderCardColors/UI_Colors/UI_ReaderCardColor_10.uexp" 863
"C:/Users/Sean Mercer/Documents/GitHub/CardsForHumanity/Content/Unlockables/ReaderCardColors/UI_Colors/UI_ReaderCardColor_09.uasset" 864
"C:/Users/Sean Mercer/Documents/GitHub/CardsForHumanity/Content/Unlockables/ReaderCardColors/UI_Colors/UI_ReaderCardColor_09.uexp" 865
"C:/Users/Sean Mercer/Documents/GitHub/CardsForHumanity/Content/Unlockables/ReaderCardColors/UI_Colors/UI_ReaderCardColor_08.uasset" 866
"C:/Users/Sean Mercer/Documents/GitHub/CardsForHumanity/Content/Unlockables/ReaderCardColors/UI_Colors/UI_ReaderCardColor_08.uexp" 867
"C:/Users/Sean Mercer/Documents/GitHub/CardsForHumanity/Content/Unlockables/ReaderCardColors/UI_Colors/UI_ReaderCardColor_07.uasset" 868
"C:/Users/Sean Mercer/Documents/GitHub/CardsForHumanity/Content/Unlockables/ReaderCardColors/UI_Colors/UI_ReaderCardColor_07.uexp" 869
"C:/Users/Sean Mercer/Documents/GitHub/CardsForHumanity/Content/Unlockables/ReaderCardColors/UI_Colors/UI_ReaderCardColor_06.uasset" 870
"C:/Users/Sean Mercer/Documents/GitHub/CardsForHumanity/Content/Unlockables/ReaderCardColors/UI_Colors/UI_ReaderCardColor_06.uexp" 871
"C:/Users/Sean Mercer/Documents/GitHub/CardsForHumanity/Content/Unlockables/ReaderCardColors/UI_Colors/UI_ReaderCardColor_05.uasset" 872
"C:/Users/Sean Mercer/Documents/GitHub/CardsForHumanity/Content/Unlockables/ReaderCardColors/UI_Colors/UI_ReaderCardColor_05.uexp" 873
"C:/Users/Sean Mercer/Documents/GitHub/CardsForHumanity/Content/Unlockables/ReaderCardColors/UI_Colors/UI_ReaderCardColor_04.uasset" 874
"C:/Users/Sean Mercer/Documents/GitHub/CardsForHumanity/Content/Unlockables/ReaderCardColors/UI_Colors/UI_ReaderCardColor_04.uexp" 875
"C:/Users/Sean Mercer/Documents/GitHub/CardsForHumanity/Content/Unlockables/ReaderCardColors/UI_Colors/UI_ReaderCardColor_03.uasset" 876
"C:/Users/Sean Mercer/Documents/GitHub/CardsForHumanity/Content/Unlockables/ReaderCardColors/UI_Colors/UI_ReaderCardColor_03.uexp" 877
"C:/Users/Sean Mercer/Documents/GitHub/CardsForHumanity/Content/Unlockables/ReaderCardColors/UI_Colors/UI_ReaderCardColor_01.uasset" 878
"C:/Users/Sean Mercer/Documents/GitHub/CardsForHumanity/Content/Unlockables/ReaderCardColors/UI_Colors/UI_ReaderCardColor_01.uexp" 879
"C:/Users/Sean Mercer/Documents/GitHub/CardsForHumanity/Content/Unlockables/ReaderCardColors/UI_Colors/UI_ReaderCardColor_02.uasset" 880
"C:/Users/Sean Mercer/Documents/GitHub/CardsForHumanity/Content/Unlockables/ReaderCardColors/UI_Colors/UI_ReaderCardColor_02.uexp" 881
"C:/Users/Sean Mercer/Documents/GitHub/CardsForHumanity/Content/Blueprints/GameModes-Controller/MainMenu/UnlockablesWidgets/Unlockables_ReaderFontColor.uasset" 882
"C:/Users/Sean Mercer/Documents/GitHub/CardsForHumanity/Content/Blueprints/GameModes-Controller/MainMenu/UnlockablesWidgets/Unlockables_ReaderFontColor.uexp" 883
"C:/Users/Sean Mercer/Documents/GitHub/CardsForHumanity/Content/Blueprints/GameModes-Controller/MainMenu/UnlockablesWidgets/Unlockables_ReaderCardColor.uasset" 884
"C:/Users/Sean Mercer/Documents/GitHub/CardsForHumanity/Content/Blueprints/GameModes-Controller/MainMenu/UnlockablesWidgets/Unlockables_ReaderCardColor.uexp" 885
"C:/Users/Sean Mercer/Documents/GitHub/CardsForHumanity/Content/Blueprints/GameModes-Controller/MainMenu/UnlockablesWidgets/Unlockables_PlayerFontColor.uasset" 886
"C:/Users/Sean Mercer/Documents/GitHub/CardsForHumanity/Content/Blueprints/GameModes-Controller/MainMenu/UnlockablesWidgets/Unlockables_PlayerFontColor.uexp" 887
"C:/Users/Sean Mercer/Documents/GitHub/CardsForHumanity/Content/Materials-Textures/ColorWheel.uasset" 888
"C:/Users/Sean Mercer/Documents/GitHub/CardsForHumanity/Content/Materials-Textures/ColorWheel.uexp" 889
"C:/Users/Sean Mercer/Documents/GitHub/CardsForHumanity/Content/Materials-Textures/ColorWheel.ubulk" 890
"C:/Users/Sean Mercer/Documents/GitHub/CardsForHumanity/Content/Unlockables/UI_Highlighted.uasset" 891
"C:/Users/Sean Mercer/Documents/GitHub/CardsForHumanity/Content/Unlockables/UI_Highlighted.uexp" 892
"C:/Users/Sean Mercer/Documents/GitHub/CardsForHumanity/Content/Unlockables/Unlockables_Gamemodes.uasset" 893
"C:/Users/Sean Mercer/Documents/GitHub/CardsForHumanity/Content/Unlockables/Unlockables_Gamemodes.uexp" 894
"C:/Users/Sean Mercer/Documents/GitHub/CardsForHumanity/Content/Unlockables/Unlockables_Gamemodes.ubulk" 895
"C:/Users/Sean Mercer/Documents/GitHub/CardsForHumanity/Content/Unlockables/UI_Gamemodes.uasset" 896
"C:/Users/Sean Mercer/Documents/GitHub/CardsForHumanity/Content/Unlockables/UI_Gamemodes.uexp" 897
"C:/Users/Sean Mercer/Documents/GitHub/CardsForHumanity/Content/Materials-Textures/ColorWheelReader2.uasset" 898
"C:/Users/Sean Mercer/Documents/GitHub/CardsForHumanity/Content/Materials-Textures/ColorWheelReader2.uexp" 899
"C:/Users/Sean Mercer/Documents/GitHub/CardsForHumanity/Content/Materials-Textures/ColorWheelReader2.ubulk" 900
"C:/Users/Sean Mercer/Documents/GitHub/CardsForHumanity/Content/Unlockables/PlayerCardColors/UnlockablesColorSwitchReader.uasset" 901
"C:/Users/Sean Mercer/Documents/GitHub/CardsForHumanity/Content/Unlockables/PlayerCardColors/UnlockablesColorSwitchReader.uexp" 902
"C:/Users/Sean Mercer/Documents/GitHub/CardsForHumanity/Content/Unlockables/PlayerCardColors/UnlockablesColorSwitch.uasset" 903
"C:/Users/Sean Mercer/Documents/GitHub/CardsForHumanity/Content/Unlockables/PlayerCardColors/UnlockablesColorSwitch.uexp" 904
"C:/Users/Sean Mercer/Documents/GitHub/CardsForHumanity/Content/Unlockables/PlayerCardColors/UnlockablesColor.uasset" 905
"C:/Users/Sean Mercer/Documents/GitHub/CardsForHumanity/Content/Unlockables/PlayerCardColors/UnlockablesColor.uexp" 906
"C:/Users/Sean Mercer/Documents/GitHub/CardsForHumanity/Content/Materials-Textures/WhiteBlackColorWheel.uasset" 907
"C:/Users/Sean Mercer/Documents/GitHub/CardsForHumanity/Content/Materials-Textures/WhiteBlackColorWheel.uexp" 908
"C:/Users/Sean Mercer/Documents/GitHub/CardsForHumanity/Content/Materials-Textures/WhiteBlackColorWheel.ubulk" 909
"C:/Users/Sean Mercer/Documents/GitHub/CardsForHumanity/Content/Unlockables/FontColors/FontOutline_UnlockablesMenuReader.uasset" 910
"C:/Users/Sean Mercer/Documents/GitHub/CardsForHumanity/Content/Unlockables/FontColors/FontOutline_UnlockablesMenuReader.uexp" 911
"C:/Users/Sean Mercer/Documents/GitHub/CardsForHumanity/Content/Materials-Textures/BlackWhiteColorWheel.uasset" 912
"C:/Users/Sean Mercer/Documents/GitHub/CardsForHumanity/Content/Materials-Textures/BlackWhiteColorWheel.uexp" 913
"C:/Users/Sean Mercer/Documents/GitHub/CardsForHumanity/Content/Materials-Textures/BlackWhiteColorWheel.ubulk" 914
"C:/Users/Sean Mercer/Documents/GitHub/CardsForHumanity/Content/Unlockables/FontColors/FontOutline_UnlockablesMenu.uasset" 915
"C:/Users/Sean Mercer/Documents/GitHub/CardsForHumanity/Content/Unlockables/FontColors/FontOutline_UnlockablesMenu.uexp" 916
"C:/Users/Sean Mercer/Documents/GitHub/CardsForHumanity/Content/Materials-Textures/ColorWheelReader.uasset" 917
"C:/Users/Sean Mercer/Documents/GitHub/CardsForHumanity/Content/Materials-Textures/ColorWheelReader.uexp" 918
"C:/Users/Sean Mercer/Documents/GitHub/CardsForHumanity/Content/Materials-Textures/ColorWheelReader.ubulk" 919
"C:/Users/Sean Mercer/Documents/GitHub/CardsForHumanity/Content/Unlockables/FontColors/Font_UnlockablesMenuReader.uasset" 920
"C:/Users/Sean Mercer/Documents/GitHub/CardsForHumanity/Content/Unlockables/FontColors/Font_UnlockablesMenuReader.uexp" 921
"C:/Users/Sean Mercer/Documents/GitHub/CardsForHumanity/Content/Unlockables/FontColors/Font_UnlockablesMenu.uasset" 922
"C:/Users/Sean Mercer/Documents/GitHub/CardsForHumanity/Content/Unlockables/FontColors/Font_UnlockablesMenu.uexp" 923
"C:/Users/Sean Mercer/Documents/GitHub/CardsForHumanity/Content/Blueprints/GameModes-Controller/MainMenu/UnlockablesWidgets/Unlockables_HighlightColor.uasset" 924
"C:/Users/Sean Mercer/Documents/GitHub/CardsForHumanity/Content/Blueprints/GameModes-Controller/MainMenu/UnlockablesWidgets/Unlockables_HighlightColor.uexp" 925
"C:/Users/Sean Mercer/Documents/GitHub/CardsForHumanity/Content/Blueprints/GameModes-Controller/MainMenu/UnlockablesWidgets/Unlockables_Gamemode.uasset" 926
"C:/Users/Sean Mercer/Documents/GitHub/CardsForHumanity/Content/Blueprints/GameModes-Controller/MainMenu/UnlockablesWidgets/Unlockables_Gamemode.uexp" 927
"C:/Users/Sean Mercer/Documents/GitHub/CardsForHumanity/Content/Blueprints/GameModes-Controller/MainMenu/UnlockablesWidgets/Unlockables_Main.uasset" 928
"C:/Users/Sean Mercer/Documents/GitHub/CardsForHumanity/Content/Blueprints/GameModes-Controller/MainMenu/UnlockablesWidgets/Unlockables_Main.uexp" 929
"C:/Users/Sean Mercer/Documents/GitHub/CardsForHumanity/Content/Blueprints/GameModes-Controller/MainMenu/UnlockablesWidgets/Unlockables_PlayerCardColor.uasset" 930
"C:/Users/Sean Mercer/Documents/GitHub/CardsForHumanity/Content/Blueprints/GameModes-Controller/MainMenu/UnlockablesWidgets/Unlockables_PlayerCardColor.uexp" 931
"C:/Users/Sean Mercer/Documents/GitHub/CardsForHumanity/Content/Data/Libraries/BPML_ActorMacros.uasset" 932
"C:/Users/Sean Mercer/Documents/GitHub/CardsForHumanity/Content/Data/Libraries/BPML_ActorMacros.uexp" 933
"C:/Users/Sean Mercer/Documents/GitHub/CardsForHumanity/Content/Data/Libraries/BPFL_Validation.uasset" 934
"C:/Users/Sean Mercer/Documents/GitHub/CardsForHumanity/Content/Data/Libraries/BPFL_Validation.uexp" 935
"C:/Users/Sean Mercer/Documents/GitHub/CardsForHumanity/Content/Fonts/ComputerFont/Dited.uasset" 936
"C:/Users/Sean Mercer/Documents/GitHub/CardsForHumanity/Content/Fonts/ComputerFont/Dited.uexp" 937
"C:/Users/Sean Mercer/Documents/GitHub/CardsForHumanity/Content/Fonts/ComputerFont/Dited.ufont" 938
"C:/Users/Sean Mercer/Documents/GitHub/CardsForHumanity/Content/Fonts/ComputerFont/Dited_Font.uasset" 939
"C:/Users/Sean Mercer/Documents/GitHub/CardsForHumanity/Content/Fonts/ComputerFont/Dited_Font.uexp" 940
"C:/Users/Sean Mercer/Documents/GitHub/CardsForHumanity/Content/Images/Arrow.uasset" 941
"C:/Users/Sean Mercer/Documents/GitHub/CardsForHumanity/Content/Images/Arrow.uexp" 942
"C:/Users/Sean Mercer/Documents/GitHub/CardsForHumanity/Content/Images/Arrow_Mat.uasset" 943
"C:/Users/Sean Mercer/Documents/GitHub/CardsForHumanity/Content/Images/Arrow_Mat.uexp" 944
"C:/Users/Sean Mercer/Documents/GitHub/CardsForHumanity/Content/Images/CarPackIcon.uasset" 945
"C:/Users/Sean Mercer/Documents/GitHub/CardsForHumanity/Content/Images/CarPackIcon.uexp" 946
"C:/Users/Sean Mercer/Documents/GitHub/CardsForHumanity/Content/Images/FartPackIcon.uasset" 947
"C:/Users/Sean Mercer/Documents/GitHub/CardsForHumanity/Content/Images/FartPackIcon.uexp" 948
"C:/Users/Sean Mercer/Documents/GitHub/CardsForHumanity/Content/Images/GamePackIcon.uasset" 949
"C:/Users/Sean Mercer/Documents/GitHub/CardsForHumanity/Content/Images/GamePackIcon.uexp" 950
"C:/Users/Sean Mercer/Documents/GitHub/CardsForHumanity/Content/Images/LoadingPlaceholder.uasset" 951
"C:/Users/Sean Mercer/Documents/GitHub/CardsForHumanity/Content/Images/LoadingPlaceholder.uexp" 952
"C:/Users/Sean Mercer/Documents/GitHub/CardsForHumanity/Content/Images/LoadingPlaceholder_Mat.uasset" 953
"C:/Users/Sean Mercer/Documents/GitHub/CardsForHumanity/Content/Images/LoadingPlaceholder_Mat.uexp" 954
"C:/Users/Sean Mercer/Documents/GitHub/CardsForHumanity/Content/Images/MoviePackIcon.uasset" 955
"C:/Users/Sean Mercer/Documents/GitHub/CardsForHumanity/Content/Images/MoviePackIcon.uexp" 956
"C:/Users/Sean Mercer/Documents/GitHub/CardsForHumanity/Content/Images/PlusAndMinus.uasset" 957
"C:/Users/Sean Mercer/Documents/GitHub/CardsForHumanity/Content/Images/PlusAndMinus.uexp" 958
"C:/Users/Sean Mercer/Documents/GitHub/CardsForHumanity/Content/LevelingSystem/LevelWidget.uasset" 959
"C:/Users/Sean Mercer/Documents/GitHub/CardsForHumanity/Content/LevelingSystem/LevelWidget.uexp" 960
"C:/Users/Sean Mercer/Documents/GitHub/CardsForHumanity/Content/Materials/M_Metal_Burnished_Steel.uasset" 961
"C:/Users/Sean Mercer/Documents/GitHub/CardsForHumanity/Content/Materials/M_Metal_Burnished_Steel.uexp" 962
"C:/Users/Sean Mercer/Documents/GitHub/CardsForHumanity/Content/Materials/M_Metal_Chrome.uasset" 963
"C:/Users/Sean Mercer/Documents/GitHub/CardsForHumanity/Content/Materials/M_Metal_Chrome.uexp" 964
"C:/Users/Sean Mercer/Documents/GitHub/CardsForHumanity/Content/Materials/M_Metal_Copper.uasset" 965
"C:/Users/Sean Mercer/Documents/GitHub/CardsForHumanity/Content/Materials/M_Metal_Copper.uexp" 966
"C:/Users/Sean Mercer/Documents/GitHub/CardsForHumanity/Content/Materials/M_Metal_Gold.uasset" 967
"C:/Users/Sean Mercer/Documents/GitHub/CardsForHumanity/Content/Materials/M_Metal_Gold.uexp" 968
"C:/Users/Sean Mercer/Documents/GitHub/CardsForHumanity/Content/Materials-Textures/Cyan.uasset" 969
"C:/Users/Sean Mercer/Documents/GitHub/CardsForHumanity/Content/Materials-Textures/Cyan.uexp" 970
"C:/Users/Sean Mercer/Documents/GitHub/CardsForHumanity/Content/Materials-Textures/Gray.uasset" 971
"C:/Users/Sean Mercer/Documents/GitHub/CardsForHumanity/Content/Materials-Textures/Gray.uexp" 972
"../../../Engine/Content/Functions/Engine_MaterialFunctions02/Utility/MakeFloat4.uasset" 973
"../../../Engine/Content/Functions/Engine_MaterialFunctions02/Utility/MakeFloat4.uexp" 974
"C:/Users/Sean Mercer/Documents/GitHub/CardsForHumanity/Content/Materials-Textures/M_CardOutline.uasset" 975
"C:/Users/Sean Mercer/Documents/GitHub/CardsForHumanity/Content/Materials-Textures/M_CardOutline.uexp" 976
"C:/Users/Sean Mercer/Documents/GitHub/CardsForHumanity/Content/Materials-Textures/M_CardOutline_Inst.uasset" 977
"C:/Users/Sean Mercer/Documents/GitHub/CardsForHumanity/Content/Materials-Textures/M_CardOutline_Inst.uexp" 978
"C:/Users/Sean Mercer/Documents/GitHub/CardsForHumanity/Content/Materials-Textures/Orange.uasset" 979
"C:/Users/Sean Mercer/Documents/GitHub/CardsForHumanity/Content/Materials-Textures/Orange.uexp" 980
"C:/Users/Sean Mercer/Documents/GitHub/CardsForHumanity/Content/Materials-Textures/Purple.uasset" 981
"C:/Users/Sean Mercer/Documents/GitHub/CardsForHumanity/Content/Materials-Textures/Purple.uexp" 982
"C:/Users/Sean Mercer/Documents/GitHub/CardsForHumanity/Content/Meshes/Cube.uasset" 983
"C:/Users/Sean Mercer/Documents/GitHub/CardsForHumanity/Content/Meshes/Cube.uexp" 984
"C:/Users/Sean Mercer/Documents/GitHub/CardsForHumanity/Content/Meshes/CardPiles/Card_001.uasset" 985
"C:/Users/Sean Mercer/Documents/GitHub/CardsForHumanity/Content/Meshes/CardPiles/Card_001.uexp" 986
"C:/Users/Sean Mercer/Documents/GitHub/CardsForHumanity/Content/Meshes/CardPiles/Card_002.uasset" 987
"C:/Users/Sean Mercer/Documents/GitHub/CardsForHumanity/Content/Meshes/CardPiles/Card_002.uexp" 988
"C:/Users/Sean Mercer/Documents/GitHub/CardsForHumanity/Content/Meshes/CardPiles/Card_003.uasset" 989
"C:/Users/Sean Mercer/Documents/GitHub/CardsForHumanity/Content/Meshes/CardPiles/Card_003.uexp" 990
"C:/Users/Sean Mercer/Documents/GitHub/CardsForHumanity/Content/Meshes/CardPiles/Card_004.uasset" 991
"C:/Users/Sean Mercer/Documents/GitHub/CardsForHumanity/Content/Meshes/CardPiles/Card_004.uexp" 992
"C:/Users/Sean Mercer/Documents/GitHub/CardsForHumanity/Content/Meshes/CardPiles/Card_005.uasset" 993
"C:/Users/Sean Mercer/Documents/GitHub/CardsForHumanity/Content/Meshes/CardPiles/Card_005.uexp" 994
"C:/Users/Sean Mercer/Documents/GitHub/CardsForHumanity/Content/Meshes/CardPiles/Card_006.uasset" 995
"C:/Users/Sean Mercer/Documents/GitHub/CardsForHumanity/Content/Meshes/CardPiles/Card_006.uexp" 996
"C:/Users/Sean Mercer/Documents/GitHub/CardsForHumanity/Content/Meshes/CardPiles/Card_007.uasset" 997
"C:/Users/Sean Mercer/Documents/GitHub/CardsForHumanity/Content/Meshes/CardPiles/Card_007.uexp" 998
"C:/Users/Sean Mercer/Documents/GitHub/CardsForHumanity/Content/Meshes/CardPiles/Card_008.uasset" 999
"C:/Users/Sean Mercer/Documents/GitHub/CardsForHumanity/Content/Meshes/CardPiles/Card_008.uexp" 1000
"C:/Users/Sean Mercer/Documents/GitHub/CardsForHumanity/Content/Meshes/CardPiles/Card_009.uasset" 1001
"C:/Users/Sean Mercer/Documents/GitHub/CardsForHumanity/Content/Meshes/CardPiles/Card_009.uexp" 1002
"C:/Users/Sean Mercer/Documents/GitHub/CardsForHumanity/Content/Meshes/CardPiles/Card_010.uasset" 1003
"C:/Users/Sean Mercer/Documents/GitHub/CardsForHumanity/Content/Meshes/CardPiles/Card_010.uexp" 1004
"C:/Users/Sean Mercer/Documents/GitHub/CardsForHumanity/Content/Meshes/CardPiles/Card_011.uasset" 1005
"C:/Users/Sean Mercer/Documents/GitHub/CardsForHumanity/Content/Meshes/CardPiles/Card_011.uexp" 1006
"C:/Users/Sean Mercer/Documents/GitHub/CardsForHumanity/Content/Meshes/CardPiles/Card_012.uasset" 1007
"C:/Users/Sean Mercer/Documents/GitHub/CardsForHumanity/Content/Meshes/CardPiles/Card_012.uexp" 1008
"C:/Users/Sean Mercer/Documents/GitHub/CardsForHumanity/Content/Meshes/CardPiles/Card_013.uasset" 1009
"C:/Users/Sean Mercer/Documents/GitHub/CardsForHumanity/Content/Meshes/CardPiles/Card_013.uexp" 1010
"C:/Users/Sean Mercer/Documents/GitHub/CardsForHumanity/Content/Meshes/CardPiles/Card_014.uasset" 1011
"C:/Users/Sean Mercer/Documents/GitHub/CardsForHumanity/Content/Meshes/CardPiles/Card_014.uexp" 1012
"C:/Users/Sean Mercer/Documents/GitHub/CardsForHumanity/Content/Meshes/CardPiles/Card_015.uasset" 1013
"C:/Users/Sean Mercer/Documents/GitHub/CardsForHumanity/Content/Meshes/CardPiles/Card_015.uexp" 1014
"C:/Users/Sean Mercer/Documents/GitHub/CardsForHumanity/Content/Meshes/CardPiles/Card_016.uasset" 1015
"C:/Users/Sean Mercer/Documents/GitHub/CardsForHumanity/Content/Meshes/CardPiles/Card_016.uexp" 1016
"C:/Users/Sean Mercer/Documents/GitHub/CardsForHumanity/Content/Meshes/CardPiles/Card_017.uasset" 1017
"C:/Users/Sean Mercer/Documents/GitHub/CardsForHumanity/Content/Meshes/CardPiles/Card_017.uexp" 1018
"C:/Users/Sean Mercer/Documents/GitHub/CardsForHumanity/Content/Meshes/CardPiles/Card_018.uasset" 1019
"C:/Users/Sean Mercer/Documents/GitHub/CardsForHumanity/Content/Meshes/CardPiles/Card_018.uexp" 1020
"C:/Users/Sean Mercer/Documents/GitHub/CardsForHumanity/Content/Meshes/CardPiles/Card_019.uasset" 1021
"C:/Users/Sean Mercer/Documents/GitHub/CardsForHumanity/Content/Meshes/CardPiles/Card_019.uexp" 1022
"C:/Users/Sean Mercer/Documents/GitHub/CardsForHumanity/Content/Meshes/CardPiles/Card_020.uasset" 1023
"C:/Users/Sean Mercer/Documents/GitHub/CardsForHumanity/Content/Meshes/CardPiles/Card_020.uexp" 1024
"C:/Users/Sean Mercer/Documents/GitHub/CardsForHumanity/Content/Networking/Widgets/PlayerCard.uasset" 1025
"C:/Users/Sean Mercer/Documents/GitHub/CardsForHumanity/Content/Networking/Widgets/PlayerCard.uexp" 1026
"C:/Users/Sean Mercer/Documents/GitHub/CardsForHumanity/Content/Textures/T_Metal_Aluminum_D.uasset" 1027
"C:/Users/Sean Mercer/Documents/GitHub/CardsForHumanity/Content/Textures/T_Metal_Aluminum_D.uexp" 1028
"C:/Users/Sean Mercer/Documents/GitHub/CardsForHumanity/Content/Textures/T_Metal_Aluminum_D.ubulk" 1029
"C:/Users/Sean Mercer/Documents/GitHub/CardsForHumanity/Content/Textures/T_Metal_Copper_D.uasset" 1030
"C:/Users/Sean Mercer/Documents/GitHub/CardsForHumanity/Content/Textures/T_Metal_Copper_D.uexp" 1031
"C:/Users/Sean Mercer/Documents/GitHub/CardsForHumanity/Content/Textures/T_Metal_Copper_D.ubulk" 1032
"C:/Users/Sean Mercer/Documents/GitHub/CardsForHumanity/Content/Textures/T_Metal_Gold_D.uasset" 1033
"C:/Users/Sean Mercer/Documents/GitHub/CardsForHumanity/Content/Textures/T_Metal_Gold_D.uexp" 1034
"C:/Users/Sean Mercer/Documents/GitHub/CardsForHumanity/Content/Textures/T_Metal_Gold_D.ubulk" 1035
"C:/Users/Sean Mercer/Documents/GitHub/CardsForHumanity/Content/Textures/T_Metal_Gold_N.uasset" 1036
"C:/Users/Sean Mercer/Documents/GitHub/CardsForHumanity/Content/Textures/T_Metal_Gold_N.uexp" 1037
"C:/Users/Sean Mercer/Documents/GitHub/CardsForHumanity/Content/Textures/T_Metal_Gold_N.ubulk" 1038
"C:/Users/Sean Mercer/Documents/GitHub/CardsForHumanity/Content/Unlockables/Confetti_Mat.uasset" 1039
"C:/Users/Sean Mercer/Documents/GitHub/CardsForHumanity/Content/Unlockables/Confetti_Mat.uexp" 1040
"C:/Users/Sean Mercer/Documents/GitHub/CardsForHumanity/Content/Unlockables/Confetti_T.uasset" 1041
"C:/Users/Sean Mercer/Documents/GitHub/CardsForHumanity/Content/Unlockables/Confetti_T.uexp" 1042
"C:/Users/Sean Mercer/Documents/GitHub/CardsForHumanity/Content/Unlockables/Confetti_T.ubulk" 1043
"C:/Users/Sean Mercer/Documents/GitHub/CardsForHumanity/Content/Unlockables/Pop_Cue.uasset" 1044
"C:/Users/Sean Mercer/Documents/GitHub/CardsForHumanity/Content/Unlockables/Pop_Cue.uexp" 1045
"C:/Users/Sean Mercer/Documents/GitHub/CardsForHumanity/Content/Unlockables/PlayerCardColors/BasicColors/UI_Colors/UI_PlayerCardColor_MainUnlockables.uasset" 1046
"C:/Users/Sean Mercer/Documents/GitHub/CardsForHumanity/Content/Unlockables/PlayerCardColors/BasicColors/UI_Colors/UI_PlayerCardColor_MainUnlockables.uexp" 1047
"C:/Users/Sean Mercer/Documents/GitHub/CardsForHumanity/Content/Unlockables/PlayerCardColors/MetallicColors/PlayerCardDiamond.uasset" 1048
"C:/Users/Sean Mercer/Documents/GitHub/CardsForHumanity/Content/Unlockables/PlayerCardColors/MetallicColors/PlayerCardDiamond.uexp" 1049
"C:/Users/Sean Mercer/Documents/GitHub/CardsForHumanity/Content/Unlockables/PlayerCardColors/MetallicColors/SwtichPlayerCardDiamond.uasset" 1050
"C:/Users/Sean Mercer/Documents/GitHub/CardsForHumanity/Content/Unlockables/PlayerCardColors/MetallicColors/SwtichPlayerCardDiamond.uexp" 1051
"../../../Engine/Content/ArtTools/RenderToTexture/Meshes/S_1_Unit_Plane.uasset" 1052
"../../../Engine/Content/ArtTools/RenderToTexture/Meshes/S_1_Unit_Plane.uexp" 1053
"../../../Engine/Content/EngineMaterials/DefaultMaterial.uasset" 1054
"../../../Engine/Content/EngineMaterials/DefaultMaterial.uexp" 1055
"../../../Engine/Content/BasicShapes/Cone.uasset" 1056
"../../../Engine/Content/BasicShapes/Cone.uexp" 1057
"../../../Engine/Content/BasicShapes/Sphere.uasset" 1058
"../../../Engine/Content/BasicShapes/Sphere.uexp" 1059
"../../../Engine/Content/EditorLandscapeResources/DataLayer.uasset" 1060
"../../../Engine/Content/EditorLandscapeResources/DataLayer.uexp" 1061
"../../../Engine/Content/EditorLandscapeResources/DefaultAlphaTexture.uasset" 1062
"../../../Engine/Content/EditorLandscapeResources/DefaultAlphaTexture.uexp" 1063
"../../../Engine/Content/EditorMaterials/MAT_Groups_Toggle.uasset" 1064
"../../../Engine/Content/EditorMaterials/MAT_Groups_Toggle.uexp" 1065
"../../../Engine/Content/EditorMaterials/MAT_Groups_Visibility.uasset" 1066
"../../../Engine/Content/EditorMaterials/MAT_Groups_Visibility.uexp" 1067
"../../../Engine/Content/EditorMaterials/PreviewShadowIndicator.uasset" 1068
"../../../Engine/Content/EditorMaterials/PreviewShadowIndicator.uexp" 1069
"../../../Engine/Content/EditorMaterials/PreviewShadowIndicator.ubulk" 1070
"../../../Engine/Content/EditorMaterials/PreviewShadowIndicatorMaterial.uasset" 1071
"../../../Engine/Content/EditorMaterials/PreviewShadowIndicatorMaterial.uexp" 1072
"../../../Engine/Content/EditorMaterials/MatineeGroups/MAT_ColorTrack.uasset" 1073
"../../../Engine/Content/EditorMaterials/MatineeGroups/MAT_ColorTrack.uexp" 1074
"../../../Engine/Content/EditorMaterials/MatineeGroups/MAT_Groups_Anim.uasset" 1075
"../../../Engine/Content/EditorMaterials/MatineeGroups/MAT_Groups_Anim.uexp" 1076
"../../../Engine/Content/EditorMaterials/MatineeGroups/MAT_Groups_AudioMaster.uasset" 1077
"../../../Engine/Content/EditorMaterials/MatineeGroups/MAT_Groups_AudioMaster.uexp" 1078
"../../../Engine/Content/EditorMaterials/MatineeGroups/MAT_Groups_Director.uasset" 1079
"../../../Engine/Content/EditorMaterials/MatineeGroups/MAT_Groups_Director.uexp" 1080
"../../../Engine/Content/EditorMaterials/MatineeGroups/MAT_Groups_Event.uasset" 1081
"../../../Engine/Content/EditorMaterials/MatineeGroups/MAT_Groups_Event.uexp" 1082
"../../../Engine/Content/EditorMaterials/MatineeGroups/MAT_Groups_Fade.uasset" 1083
"../../../Engine/Content/EditorMaterials/MatineeGroups/MAT_Groups_Fade.uexp" 1084
"../../../Engine/Content/EditorMaterials/MatineeGroups/MAT_Groups_Float.uasset" 1085
"../../../Engine/Content/EditorMaterials/MatineeGroups/MAT_Groups_Float.uexp" 1086
"../../../Engine/Content/EditorMaterials/MatineeGroups/MAT_Groups_Move.uasset" 1087
"../../../Engine/Content/EditorMaterials/MatineeGroups/MAT_Groups_Move.uexp" 1088
"../../../Engine/Content/EditorMaterials/MatineeGroups/MAT_Groups_Slomo.uasset" 1089
"../../../Engine/Content/EditorMaterials/MatineeGroups/MAT_Groups_Slomo.uexp" 1090
"../../../Engine/Content/EditorMaterials/MatineeGroups/MAT_Groups_Sound.uasset" 1091
"../../../Engine/Content/EditorMaterials/MatineeGroups/MAT_Groups_Sound.uexp" 1092
"../../../Engine/Content/EditorMaterials/MatineeGroups/MAT_Groups_Vector.uasset" 1093
"../../../Engine/Content/EditorMaterials/MatineeGroups/MAT_Groups_Vector.uexp" 1094
"../../../Engine/Content/EditorMaterials/ParticleSystems/PSysThumbnail_NoImage.uasset" 1095
"../../../Engine/Content/EditorMaterials/ParticleSystems/PSysThumbnail_NoImage.uexp" 1096
"../../../Engine/Content/EditorMaterials/ParticleSystems/PSysThumbnail_NoImage.ubulk" 1097
"../../../Engine/Content/EditorMaterials/ParticleSystems/PSysThumbnail_OOD.uasset" 1098
"../../../Engine/Content/EditorMaterials/ParticleSystems/PSysThumbnail_OOD.uexp" 1099
"../../../Engine/Content/EditorMaterials/ParticleSystems/PSysThumbnail_OOD.ubulk" 1100
"../../../Engine/Content/EditorMaterials/Camera/CineMat.uasset" 1101
"../../../Engine/Content/EditorMaterials/Camera/CineMat.uexp" 1102
"../../../Engine/Content/EditorMaterials/Camera/MI_CineMat_Rig.uasset" 1103
"../../../Engine/Content/EditorMaterials/Camera/MI_CineMat_Rig.uexp" 1104
"../../../Engine/Content/EditorMeshes/Camera/SM_CraneRig_Arm.uasset" 1105
"../../../Engine/Content/EditorMeshes/Camera/SM_CraneRig_Arm.uexp" 1106
"../../../Engine/Content/EditorMeshes/Camera/SM_CraneRig_Base.uasset" 1107
"../../../Engine/Content/EditorMeshes/Camera/SM_CraneRig_Base.uexp" 1108
"../../../Engine/Content/EditorMeshes/Camera/SM_CraneRig_Body.uasset" 1109
"../../../Engine/Content/EditorMeshes/Camera/SM_CraneRig_Body.uexp" 1110
"../../../Engine/Content/EditorMeshes/Camera/SM_CraneRig_Mount.uasset" 1111
"../../../Engine/Content/EditorMeshes/Camera/SM_CraneRig_Mount.uexp" 1112
"../../../Engine/Content/EditorMeshes/Camera/SM_RailRig_Mount.uasset" 1113
"../../../Engine/Content/EditorMeshes/Camera/SM_RailRig_Mount.uexp" 1114
"../../../Engine/Content/EditorMeshes/Camera/SM_RailRig_Track.uasset" 1115
"../../../Engine/Content/EditorMeshes/Camera/SM_RailRig_Track.uexp" 1116
"../../../Engine/Content/EditorResources/BSPVertex.uasset" 1117
"../../../Engine/Content/EditorResources/BSPVertex.uexp" 1118
"../../../Engine/Content/EditorResources/EmptyActor.uasset" 1119
"../../../Engine/Content/EditorResources/EmptyActor.uexp" 1120
"../../../Engine/Content/EditorResources/S_Actor.uasset" 1121
"../../../Engine/Content/EditorResources/S_Actor.uexp" 1122
"../../../Engine/Content/EditorResources/S_Actor.ubulk" 1123
"../../../Engine/Content/EditorResources/S_Note.uasset" 1124
"../../../Engine/Content/EditorResources/S_Note.uexp" 1125
"../../../Engine/Content/EditorResources/S_Note.ubulk" 1126
"../../../Engine/Content/EditorResources/S_Solver.uasset" 1127
"../../../Engine/Content/EditorResources/S_Solver.uexp" 1128
"../../../Engine/Content/EditorResources/S_Solver.ubulk" 1129
"../../../Engine/Content/EditorResources/S_Terrain.uasset" 1130
"../../../Engine/Content/EditorResources/S_Terrain.uexp" 1131
"../../../Engine/Content/EditorResources/S_Terrain.ubulk" 1132
"../../../Engine/Content/EditorResources/S_Trigger.uasset" 1133
"../../../Engine/Content/EditorResources/S_Trigger.uexp" 1134
"../../../Engine/Content/EditorResources/S_Trigger.ubulk" 1135
"../../../Engine/Content/EditorResources/LightIcons/S_LightError.uasset" 1136
"../../../Engine/Content/EditorResources/LightIcons/S_LightError.uexp" 1137
"../../../Engine/Content/EditorResources/SequenceRecorder/Countdown.uasset" 1138
"../../../Engine/Content/EditorResources/SequenceRecorder/Countdown.uexp" 1139
"../../../Engine/Content/EditorResources/SequenceRecorder/RecordingIndicator.uasset" 1140
"../../../Engine/Content/EditorResources/SequenceRecorder/RecordingIndicator.uexp" 1141
"../../../Engine/Content/EngineDamageTypes/DmgTypeBP_Environmental.uasset" 1142
"../../../Engine/Content/EngineDamageTypes/DmgTypeBP_Environmental.uexp" 1143
"../../../Engine/Content/EngineDebugMaterials/DebugEditorMaterial.uasset" 1144
"../../../Engine/Content/EngineDebugMaterials/DebugEditorMaterial.uexp" 1145
"../../../Engine/Content/EngineDebugMaterials/DebugMeshMaterial.uasset" 1146
"../../../Engine/Content/EngineDebugMaterials/DebugMeshMaterial.uexp" 1147
"../../../Engine/Content/EngineDebugMaterials/M_SimpleUnlitTranslucent.uasset" 1148
"../../../Engine/Content/EngineDebugMaterials/M_SimpleUnlitTranslucent.uexp" 1149
"../../../Engine/Content/EngineDebugMaterials/VolumeToRender.uasset" 1150
"../../../Engine/Content/EngineDebugMaterials/VolumeToRender.uexp" 1151
"../../../Engine/Content/Functions/Engine_MaterialFunctions02/Utility/CameraDirectionVector.uasset" 1152
"../../../Engine/Content/Functions/Engine_MaterialFunctions02/Utility/CameraDirectionVector.uexp" 1153
"../../../Engine/Content/EngineDebugMaterials/M_VolumeRenderSphereTracePP.uasset" 1154
"../../../Engine/Content/EngineDebugMaterials/M_VolumeRenderSphereTracePP.uexp" 1155
"../../../Engine/Content/Functions/Engine_MaterialFunctions01/Shading/ConvertFromDiffSpec.uasset" 1156
"../../../Engine/Content/Functions/Engine_MaterialFunctions01/Shading/ConvertFromDiffSpec.uexp" 1157
"../../../Engine/Content/EngineDebugMaterials/VertexColorMaterial.uasset" 1158
"../../../Engine/Content/EngineDebugMaterials/VertexColorMaterial.uexp" 1159
"../../../Engine/Content/EngineDebugMaterials/WireframeMaterial.uasset" 1160
"../../../Engine/Content/EngineDebugMaterials/WireframeMaterial.uexp" 1161
"../../../Engine/Content/EngineMaterials/BaseFlattenNormalMap.uasset" 1162
"../../../Engine/Content/EngineMaterials/BaseFlattenNormalMap.uexp" 1163
"../../../Engine/Content/EngineMaterials/BaseFlattenGrayscaleMap.uasset" 1164
"../../../Engine/Content/EngineMaterials/BaseFlattenGrayscaleMap.uexp" 1165
"../../../Engine/Content/EngineMaterials/BaseFlattenEmissiveMap.uasset" 1166
"../../../Engine/Content/EngineMaterials/BaseFlattenEmissiveMap.uexp" 1167
"../../../Engine/Content/EngineMaterials/BaseFlattenDiffuseMap.uasset" 1168
"../../../Engine/Content/EngineMaterials/BaseFlattenDiffuseMap.uexp" 1169
"../../../Engine/Content/EngineMaterials/BaseFlattenMaterial.uasset" 1170
"../../../Engine/Content/EngineMaterials/BaseFlattenMaterial.uexp" 1171
"../../../Engine/Content/EngineMaterials/BlueNoise.uasset" 1172
"../../../Engine/Content/EngineMaterials/BlueNoise.uexp" 1173
"../../../Engine/Content/EngineMaterials/DefaultBloomKernel.uasset" 1174
"../../../Engine/Content/EngineMaterials/DefaultBloomKernel.uexp" 1175
"../../../Engine/Content/EngineMaterials/DefaultBokeh.uasset" 1176
"../../../Engine/Content/EngineMaterials/DefaultBokeh.uexp" 1177
"../../../Engine/Content/EngineMaterials/DefaultDiffuse.uasset" 1178
"../../../Engine/Content/EngineMaterials/DefaultDiffuse.uexp" 1179
"../../../Engine/Content/EngineMaterials/DefaultDiffuse.ubulk" 1180
"../../../Engine/Content/EngineMaterials/DefaultDeferredDecalMaterial.uasset" 1181
"../../../Engine/Content/EngineMaterials/DefaultDeferredDecalMaterial.uexp" 1182
"../../../Engine/Content/EngineMaterials/DefaultLightFunctionMaterial.uasset" 1183
"../../../Engine/Content/EngineMaterials/DefaultLightFunctionMaterial.uexp" 1184
"../../../Engine/Content/EngineMaterials/DefaultPhysicalMaterial.uasset" 1185
"../../../Engine/Content/EngineMaterials/DefaultPhysicalMaterial.uexp" 1186
"../../../Engine/Content/Functions/Engine_MaterialFunctions02/Utility/BreakOutFloat2Components.uasset" 1187
"../../../Engine/Content/Functions/Engine_MaterialFunctions02/Utility/BreakOutFloat2Components.uexp" 1188
"../../../Engine/Content/EngineMaterials/DefaultPostProcessMaterial.uasset" 1189
"../../../Engine/Content/EngineMaterials/DefaultPostProcessMaterial.uexp" 1190
"../../../Engine/Content/EngineFonts/RobotoDistanceField.uasset" 1191
"../../../Engine/Content/EngineFonts/RobotoDistanceField.uexp" 1192
"../../../Engine/Content/EngineMaterials/DefaultTextMaterialOpaque.uasset" 1193
"../../../Engine/Content/EngineMaterials/DefaultTextMaterialOpaque.uexp" 1194
"../../../Engine/Content/EngineMaterials/DefaultWhiteGrid.uasset" 1195
"../../../Engine/Content/EngineMaterials/DefaultWhiteGrid.uexp" 1196
"../../../Engine/Content/EngineMaterials/DefaultWhiteGrid.ubulk" 1197
"../../../Engine/Content/EngineMaterials/DefaultWhiteGrid_Low.uasset" 1198
"../../../Engine/Content/EngineMaterials/DefaultWhiteGrid_Low.uexp" 1199
"../../../Engine/Content/EngineMaterials/EmissiveMeshMaterial.uasset" 1200
"../../../Engine/Content/EngineMaterials/EmissiveMeshMaterial.uexp" 1201
"../../../Engine/Content/EngineMaterials/GizmoMaterial.uasset" 1202
"../../../Engine/Content/EngineMaterials/GizmoMaterial.uexp" 1203
"../../../Engine/Content/EngineMaterials/Good64x64TilingNoiseHighFreq.uasset" 1204
"../../../Engine/Content/EngineMaterials/Good64x64TilingNoiseHighFreq.uexp" 1205
"../../../Engine/Content/EngineMaterials/MiniFont.uasset" 1206
"../../../Engine/Content/EngineMaterials/MiniFont.uexp" 1207
"../../../Engine/Content/EngineMaterials/InvalidLightmapSettings.uasset" 1208
"../../../Engine/Content/EngineMaterials/InvalidLightmapSettings.uexp" 1209
"../../../Engine/Content/EngineMaterials/InvalidLightmapSettings.ubulk" 1210
"../../../Engine/Content/EngineMaterials/M_InvalidLightmapSettings.uasset" 1211
"../../../Engine/Content/EngineMaterials/M_InvalidLightmapSettings.uexp" 1212
"../../../Engine/Content/Functions/Engine_MaterialFunctions02/WorldPositionOffset/CameraOffset.uasset" 1213
"../../../Engine/Content/Functions/Engine_MaterialFunctions02/WorldPositionOffset/CameraOffset.uexp" 1214
"../../../Engine/Content/EngineMaterials/PhAT_JointLimitMaterial.uasset" 1215
"../../../Engine/Content/EngineMaterials/PhAT_JointLimitMaterial.uexp" 1216
"../../../Engine/Content/EngineMaterials/DefaultCalibrationColor.uasset" 1217
"../../../Engine/Content/EngineMaterials/DefaultCalibrationColor.uexp" 1218
"../../../Engine/Content/EngineMaterials/PPM_DefaultCalibrationColor.uasset" 1219
"../../../Engine/Content/EngineMaterials/PPM_DefaultCalibrationColor.uexp" 1220
"../../../Engine/Content/EngineMaterials/DefaultCalibrationGrayscale.uasset" 1221
"../../../Engine/Content/EngineMaterials/DefaultCalibrationGrayscale.uexp" 1222
"../../../Engine/Content/EngineMaterials/PPM_DefaultCalibrationGrayscale.uasset" 1223
"../../../Engine/Content/EngineMaterials/PPM_DefaultCalibrationGrayscale.uexp" 1224
"../../../Engine/Content/EngineMaterials/PreintegratedSkinBRDF.uasset" 1225
"../../../Engine/Content/EngineMaterials/PreintegratedSkinBRDF.uexp" 1226
"../../../Engine/Content/EngineMaterials/RemoveSurfaceMaterial.uasset" 1227
"../../../Engine/Content/EngineMaterials/RemoveSurfaceMaterial.uexp" 1228
"../../../Engine/Content/EngineMaterials/WeightMapPlaceholderTexture.uasset" 1229
"../../../Engine/Content/EngineMaterials/WeightMapPlaceholderTexture.uexp" 1230
"../../../Engine/Content/EngineResources/WhiteSquareTexture.uasset" 1231
"../../../Engine/Content/EngineResources/WhiteSquareTexture.uexp" 1232
"../../../Engine/Content/EngineMaterials/Widget3DPassThrough.uasset" 1233
"../../../Engine/Content/EngineMaterials/Widget3DPassThrough.uexp" 1234
"../../../Engine/Content/EngineMaterials/Widget3DPassThrough_Masked.uasset" 1235
"../../../Engine/Content/EngineMaterials/Widget3DPassThrough_Masked.uexp" 1236
"../../../Engine/Content/EngineMaterials/Widget3DPassThrough_Opaque.uasset" 1237
"../../../Engine/Content/EngineMaterials/Widget3DPassThrough_Opaque.uexp" 1238
"../../../Engine/Content/EngineMaterials/Widget3DPassThrough_Masked_OneSided.uasset" 1239
"../../../Engine/Content/EngineMaterials/Widget3DPassThrough_Masked_OneSided.uexp" 1240
"../../../Engine/Content/EngineMaterials/Widget3DPassThrough_Opaque_OneSided.uasset" 1241
"../../../Engine/Content/EngineMaterials/Widget3DPassThrough_Opaque_OneSided.uexp" 1242
"../../../Engine/Content/EngineMaterials/Widget3DPassThrough_Translucent.uasset" 1243
"../../../Engine/Content/EngineMaterials/Widget3DPassThrough_Translucent.uexp" 1244
"../../../Engine/Content/EngineMaterials/Widget3DPassThrough_Translucent_OneSided.uasset" 1245
"../../../Engine/Content/EngineMaterials/Widget3DPassThrough_Translucent_OneSided.uexp" 1246
"../../../Engine/Content/EngineMeshes/Cylinder.uasset" 1247
"../../../Engine/Content/EngineMeshes/Cylinder.uexp" 1248
"../../../Engine/Content/EngineMeshes/Sphere.uasset" 1249
"../../../Engine/Content/EngineMeshes/Sphere.uexp" 1250
"../../../Engine/Content/EngineResources/DefaultTexture.uasset" 1251
"../../../Engine/Content/EngineResources/DefaultTexture.uexp" 1252
"../../../Engine/Content/EngineResources/DefaultTexture.ubulk" 1253
"../../../Engine/Content/EngineResources/DefaultTextureCube.uasset" 1254
"../../../Engine/Content/EngineResources/DefaultTextureCube.uexp" 1255
"../../../Engine/Content/EngineResources/DefaultVolumeTexture2D.uasset" 1256
"../../../Engine/Content/EngineResources/DefaultVolumeTexture2D.uexp" 1257
"../../../Engine/Content/EngineResources/DefaultVolumeTexture.uasset" 1258
"../../../Engine/Content/EngineResources/DefaultVolumeTexture.uexp" 1259
"../../../Engine/Content/EngineResources/GradientTexture0.uasset" 1260
"../../../Engine/Content/EngineResources/GradientTexture0.uexp" 1261
"../../../Engine/Content/EngineSky/VolumetricClouds/T_NoiseShape64.uasset" 1262
"../../../Engine/Content/EngineSky/VolumetricClouds/T_NoiseShape64.uexp" 1263
"../../../Engine/Content/EngineSky/VolumetricClouds/T_NoiseShape64.ubulk" 1264
"../../../Engine/Content/EngineSky/VolumetricClouds/T_VolumeNoiseShape64.uasset" 1265
"../../../Engine/Content/EngineSky/VolumetricClouds/T_VolumeNoiseShape64.uexp" 1266
"../../../Engine/Content/EngineSky/VolumetricClouds/T_NoiseErosion.uasset" 1267
"../../../Engine/Content/EngineSky/VolumetricClouds/T_NoiseErosion.uexp" 1268
"../../../Engine/Content/EngineSky/VolumetricClouds/T_NoiseErosion.ubulk" 1269
"../../../Engine/Content/EngineSky/VolumetricClouds/T_VolumeNoiseErosion32.uasset" 1270
"../../../Engine/Content/EngineSky/VolumetricClouds/T_VolumeNoiseErosion32.uexp" 1271
"../../../Engine/Content/EngineSky/VolumetricClouds/CloudWeatherTexture.uasset" 1272
"../../../Engine/Content/EngineSky/VolumetricClouds/CloudWeatherTexture.uexp" 1273
"../../../Engine/Content/EngineSky/VolumetricClouds/CloudGradientTexture.uasset" 1274
"../../../Engine/Content/EngineSky/VolumetricClouds/CloudGradientTexture.uexp" 1275
"../../../Engine/Content/Functions/Engine_MaterialFunctions02/Utility/MakeFloat2.uasset" 1276
"../../../Engine/Content/Functions/Engine_MaterialFunctions02/Utility/MakeFloat2.uexp" 1277
"../../../Engine/Content/EngineSky/VolumetricClouds/m_SimpleVolumetricCloud.uasset" 1278
"../../../Engine/Content/EngineSky/VolumetricClouds/m_SimpleVolumetricCloud.uexp" 1279
"../../../Engine/Content/EngineSky/VolumetricClouds/m_SimpleVolumetricCloud_Inst.uasset" 1280
"../../../Engine/Content/EngineSky/VolumetricClouds/m_SimpleVolumetricCloud_Inst.uexp" 1281
"../../../Engine/Content/Functions/Engine_MaterialFunctions01/Shading/PowerToRoughness.uasset" 1282
"../../../Engine/Content/Functions/Engine_MaterialFunctions01/Shading/PowerToRoughness.uexp" 1283
"../../../Engine/Content/Maps/Templates/Thumbnails/Default.uasset" 1284
"../../../Engine/Content/Maps/Templates/Thumbnails/Default.uexp" 1285
"../../../Engine/Content/Maps/Templates/Thumbnails/TimeOfDay.uasset" 1286
"../../../Engine/Content/Maps/Templates/Thumbnails/TimeOfDay.uexp" 1287
"../../../Engine/Content/Maps/Templates/Thumbnails/VR-Basic.uasset" 1288
"../../../Engine/Content/Maps/Templates/Thumbnails/VR-Basic.uexp" 1289
"../../../Engine/Content/MobileResources/T_MobileControls_texture.uasset" 1290
"../../../Engine/Content/MobileResources/T_MobileControls_texture.uexp" 1291
"../../../Engine/Content/MobileResources/T_MobileMenu2.uasset" 1292
"../../../Engine/Content/MobileResources/T_MobileMenu2.uexp" 1293
"../../../Engine/Content/MobileResources/HUD/AnalogHat.uasset" 1294
"../../../Engine/Content/MobileResources/HUD/AnalogHat.uexp" 1295
"../../../Engine/Content/MobileResources/HUD/VirtualJoystick_Thumb.uasset" 1296
"../../../Engine/Content/MobileResources/HUD/VirtualJoystick_Thumb.uexp" 1297
"../../../Engine/Content/MobileResources/HUD/VirtualJoystick_Background.uasset" 1298
"../../../Engine/Content/MobileResources/HUD/VirtualJoystick_Background.uexp" 1299
"../../../Engine/Content/MobileResources/HUD/DefaultVirtualJoysticks.uasset" 1300
"../../../Engine/Content/MobileResources/HUD/DefaultVirtualJoysticks.uexp" 1301
"../../../Engine/Content/MobileResources/HUD/LeftVirtualJoystickOnly.uasset" 1302
"../../../Engine/Content/MobileResources/HUD/LeftVirtualJoystickOnly.uexp" 1303
"../../../Engine/Content/MobileResources/HUD/MobileHUDButton1_off.uasset" 1304
"../../../Engine/Content/MobileResources/HUD/MobileHUDButton1_off.uexp" 1305
"../../../Engine/Content/MobileResources/HUD/MobileHUDButton1_on.uasset" 1306
"../../../Engine/Content/MobileResources/HUD/MobileHUDButton1_on.uexp" 1307
"../../../Engine/Content/MobileResources/HUD/MobileHUDButton2_off.uasset" 1308
"../../../Engine/Content/MobileResources/HUD/MobileHUDButton2_off.uexp" 1309
"../../../Engine/Content/MobileResources/HUD/MobileHUDButton2_on.uasset" 1310
"../../../Engine/Content/MobileResources/HUD/MobileHUDButton2_on.uexp" 1311
"../../../Engine/Content/MobileResources/HUD/MobileHUDButton3.uasset" 1312
"../../../Engine/Content/MobileResources/HUD/MobileHUDButton3.uexp" 1313
"../../../Engine/Content/MobileResources/HUD/MobileHUDButtonFire.uasset" 1314
"../../../Engine/Content/MobileResources/HUD/MobileHUDButtonFire.uexp" 1315
"../../../Engine/Content/MobileResources/HUD/MobileHUDDirectionPad.uasset" 1316
"../../../Engine/Content/MobileResources/HUD/MobileHUDDirectionPad.uexp" 1317
"../../../Engine/Content/MobileResources/HUD/MobileHUDDirectionPad2.uasset" 1318
"../../../Engine/Content/MobileResources/HUD/MobileHUDDirectionPad2.uexp" 1319
"../../../Engine/Content/MobileResources/HUD/MobileHUDDirectionPad3.uasset" 1320
"../../../Engine/Content/MobileResources/HUD/MobileHUDDirectionPad3.uexp" 1321
"../../../Engine/Content/MobileResources/HUD/MobileHUDDirectionStick.uasset" 1322
"../../../Engine/Content/MobileResources/HUD/MobileHUDDirectionStick.uexp" 1323
"../../../Engine/Content/MobileResources/HUD/T_Castle_ThumbstickInner.uasset" 1324
"../../../Engine/Content/MobileResources/HUD/T_Castle_ThumbstickInner.uexp" 1325
"../../../Engine/Content/MobileResources/HUD/T_Castle_ThumbstickOutter.uasset" 1326
"../../../Engine/Content/MobileResources/HUD/T_Castle_ThumbstickOutter.uexp" 1327
"../../../Engine/Content/Tutorial/ContentIntroCurve.uasset" 1328
"../../../Engine/Content/Tutorial/ContentIntroCurve.uexp" 1329
"../../../Engine/Content/Tutorial/Basics/TutorialAssets/icon_tab_Levels_40x.uasset" 1330
"../../../Engine/Content/Tutorial/Basics/TutorialAssets/icon_tab_Levels_40x.uexp" 1331
"../../../Engine/Content/Tutorial/BlueprintTutorials/TutorialAssets/Blueprint_64x.uasset" 1332
"../../../Engine/Content/Tutorial/BlueprintTutorials/TutorialAssets/Blueprint_64x.uexp" 1333
"../../../Engine/Content/Tutorial/SubEditors/TutorialAssets/TutorialMaterial.uasset" 1334
"../../../Engine/Content/Tutorial/SubEditors/TutorialAssets/TutorialMaterial.uexp" 1335
"../../../Engine/Content/VREditor/TransformGizmo/TranslucentTransformGizmoMaterial.uasset" 1336
"../../../Engine/Content/VREditor/TransformGizmo/TranslucentTransformGizmoMaterial.uexp" 1337
"../../../Engine/Content/VREditor/LaserPointer/VR_LaserPower_01.uasset" 1338
"../../../Engine/Content/VREditor/LaserPointer/VR_LaserPower_01.uexp" 1339
"../../../Engine/Content/VREditor/LaserPointer/VR_LaserPower_01.ubulk" 1340
"../../../Engine/Content/VREditor/TransformGizmo/TransformGizmoMaterial.uasset" 1341
"../../../Engine/Content/VREditor/TransformGizmo/TransformGizmoMaterial.uexp" 1342
"../../../Engine/Content/VREditor/TransformGizmo/BoundingBoxCorner.uasset" 1343
"../../../Engine/Content/VREditor/TransformGizmo/BoundingBoxCorner.uexp" 1344
"../../../Engine/Content/VREditor/TransformGizmo/BoundingBoxEdge.uasset" 1345
"../../../Engine/Content/VREditor/TransformGizmo/BoundingBoxEdge.uexp" 1346
"../../../Engine/Content/VREditor/TransformGizmo/PlaneTranslationHandle.uasset" 1347
"../../../Engine/Content/VREditor/TransformGizmo/PlaneTranslationHandle.uexp" 1348
"../../../Engine/Content/VREditor/TransformGizmo/Xray.uasset" 1349
"../../../Engine/Content/VREditor/TransformGizmo/Xray.uexp" 1350
"../../../Engine/Content/VREditor/TransformGizmo/Main.uasset" 1351
"../../../Engine/Content/VREditor/TransformGizmo/Main.uexp" 1352
"../../../Engine/Content/VREditor/TransformGizmo/SM_Sequencer_Key.uasset" 1353
"../../../Engine/Content/VREditor/TransformGizmo/SM_Sequencer_Key.uexp" 1354
"../../../Engine/Content/VREditor/TransformGizmo/SM_Sequencer_Node.uasset" 1355
"../../../Engine/Content/VREditor/TransformGizmo/SM_Sequencer_Node.uexp" 1356
"../../../Engine/Plugins/2D/Paper2D/Content/PlaceholderTextures/DummySpriteTexture.uasset" 1357
"../../../Engine/Plugins/2D/Paper2D/Content/PlaceholderTextures/DummySpriteTexture.uexp" 1358
"../../../Engine/Plugins/2D/Paper2D/Content/PlaceholderTextures/DummySpriteTexture.ubulk" 1359
"../../../Engine/Plugins/2D/Paper2D/Content/DummySprite.uasset" 1360
"../../../Engine/Plugins/2D/Paper2D/Content/DummySprite.uexp" 1361
"../../../Engine/Plugins/2D/Paper2D/Content/DefaultPaperTerrainMaterial.uasset" 1362
"../../../Engine/Plugins/2D/Paper2D/Content/DefaultPaperTerrainMaterial.uexp" 1363
"../../../Engine/Plugins/2D/Paper2D/Content/DefaultSpriteMaterial.uasset" 1364
"../../../Engine/Plugins/2D/Paper2D/Content/DefaultSpriteMaterial.uexp" 1365
"../../../Engine/Plugins/2D/Paper2D/Content/MaskedUnlitSpriteMaterial.uasset" 1366
"../../../Engine/Plugins/2D/Paper2D/Content/MaskedUnlitSpriteMaterial.uexp" 1367
"../../../Engine/Plugins/2D/Paper2D/Content/OpaqueUnlitSpriteMaterial.uasset" 1368
"../../../Engine/Plugins/2D/Paper2D/Content/OpaqueUnlitSpriteMaterial.uexp" 1369
"../../../Engine/Content/Functions/Engine_MaterialFunctions02/Utility/BreakOutFloat3Components.uasset" 1370
"../../../Engine/Content/Functions/Engine_MaterialFunctions02/Utility/BreakOutFloat3Components.uexp" 1371
"../../../Engine/Plugins/Editor/SpeedTreeImporter/Content/SpeedTree9/UnpackInteger3.uasset" 1372
"../../../Engine/Plugins/Editor/SpeedTreeImporter/Content/SpeedTree9/UnpackInteger3.uexp" 1373
"../../../Engine/Plugins/Editor/SpeedTreeImporter/Content/SpeedTree9/UnpackDirection.uasset" 1374
"../../../Engine/Plugins/Editor/SpeedTreeImporter/Content/SpeedTree9/UnpackDirection.uexp" 1375
"../../../Engine/Plugins/Editor/SpeedTreeImporter/Content/SpeedTree9/game_wind_noise.uasset" 1376
"../../../Engine/Plugins/Editor/SpeedTreeImporter/Content/SpeedTree9/game_wind_noise.uexp" 1377
"../../../Engine/Plugins/Editor/SpeedTreeImporter/Content/SpeedTree9/game_wind_noise.ubulk" 1378
"../../../Engine/Content/Functions/Engine_MaterialFunctions02/SafeNormalize.uasset" 1379
"../../../Engine/Content/Functions/Engine_MaterialFunctions02/SafeNormalize.uexp" 1380
"../../../Engine/Plugins/Editor/SpeedTreeImporter/Content/SpeedTree9/SpeedTreeWindMotion.uasset" 1381
"../../../Engine/Plugins/Editor/SpeedTreeImporter/Content/SpeedTree9/SpeedTreeWindMotion.uexp" 1382
"../../../Engine/Plugins/Editor/SpeedTreeImporter/Content/SpeedTree9/SpeedTreeBranchMotion.uasset" 1383
"../../../Engine/Plugins/Editor/SpeedTreeImporter/Content/SpeedTree9/SpeedTreeBranchMotion.uexp" 1384
"../../../Engine/Content/Functions/Engine_MaterialFunctions02/ObjectLocalBounds.uasset" 1385
"../../../Engine/Content/Functions/Engine_MaterialFunctions02/ObjectLocalBounds.uexp" 1386
"../../../Engine/Content/Functions/Engine_MaterialFunctions02/UVs/BoundingBoxBased_0-1_UVW.uasset" 1387
"../../../Engine/Content/Functions/Engine_MaterialFunctions02/UVs/BoundingBoxBased_0-1_UVW.uexp" 1388
"../../../Engine/Content/Functions/Engine_MaterialFunctions02/WorldPositionOffset/ObjectScale.uasset" 1389
"../../../Engine/Content/Functions/Engine_MaterialFunctions02/WorldPositionOffset/ObjectScale.uexp" 1390
"../../../Engine/Plugins/Editor/SpeedTreeImporter/Content/SpeedTree9/SpeedTreeWind.uasset" 1391
"../../../Engine/Plugins/Editor/SpeedTreeImporter/Content/SpeedTree9/SpeedTreeWind.uexp" 1392
"../../../Engine/Plugins/Editor/SpeedTreeImporter/Content/SpeedTree9/SpeedTreeBillboard.uasset" 1393
"../../../Engine/Plugins/Editor/SpeedTreeImporter/Content/SpeedTree9/SpeedTreeBillboard.uexp" 1394
"../../../Engine/Plugins/Editor/SpeedTreeImporter/Content/SpeedTree9/EmptyNormal.uasset" 1395
"../../../Engine/Plugins/Editor/SpeedTreeImporter/Content/SpeedTree9/EmptyNormal.uexp" 1396
"../../../Engine/Plugins/Editor/SpeedTreeImporter/Content/SpeedTree9/Empty.uasset" 1397
"../../../Engine/Plugins/Editor/SpeedTreeImporter/Content/SpeedTree9/Empty.uexp" 1398
"../../../Engine/Plugins/Editor/SpeedTreeImporter/Content/SpeedTree9/SpeedTreeBillboardMaster.uasset" 1399
"../../../Engine/Plugins/Editor/SpeedTreeImporter/Content/SpeedTree9/SpeedTreeBillboardMaster.uexp" 1400
"../../../Engine/Plugins/Editor/SpeedTreeImporter/Content/SpeedTree9/SpeedTreeCameraFacing.uasset" 1401
"../../../Engine/Plugins/Editor/SpeedTreeImporter/Content/SpeedTree9/SpeedTreeCameraFacing.uexp" 1402
"../../../Engine/Plugins/Editor/SpeedTreeImporter/Content/SpeedTree9/SpeedTreeMaster.uasset" 1403
"../../../Engine/Plugins/Editor/SpeedTreeImporter/Content/SpeedTree9/SpeedTreeMaster.uexp" 1404
"../../../Engine/Content/BasicShapes/Cylinder.uasset" 1405
"../../../Engine/Content/BasicShapes/Cylinder.uexp" 1406
"../../../Engine/Content/ArtTools/RenderToTexture/Materials/Debug/M_Emissive_Color.uasset" 1407
"../../../Engine/Content/ArtTools/RenderToTexture/Materials/Debug/M_Emissive_Color.uexp" 1408
"../../../Engine/Plugins/Lumin/MagicLeapPassableWorld/Content/MagicLeapARPinInfoActor.uasset" 1409
"../../../Engine/Plugins/Lumin/MagicLeapPassableWorld/Content/MagicLeapARPinInfoActor.uexp" 1410
"../../../Engine/Plugins/Runtime/OpenXR/Content/Devices/GoogleDaydream/MRTexture.uasset" 1411
"../../../Engine/Plugins/Runtime/OpenXR/Content/Devices/GoogleDaydream/MRTexture.uexp" 1412
"../../../Engine/Plugins/Runtime/OpenXR/Content/Devices/GoogleDaydream/MRTexture.ubulk" 1413
"../../../Engine/Plugins/Runtime/OpenXR/Content/Devices/GoogleDaydream/BaseTexture.uasset" 1414
"../../../Engine/Plugins/Runtime/OpenXR/Content/Devices/GoogleDaydream/BaseTexture.uexp" 1415
"../../../Engine/Plugins/Runtime/OpenXR/Content/Devices/GoogleDaydream/BaseTexture.ubulk" 1416
"../../../Engine/Content/EngineResources/Black.uasset" 1417
"../../../Engine/Content/EngineResources/Black.uexp" 1418
"../../../Engine/Plugins/Runtime/OpenXR/Content/Devices/M_XRController.uasset" 1419
"../../../Engine/Plugins/Runtime/OpenXR/Content/Devices/M_XRController.uexp" 1420
"../../../Engine/Plugins/Runtime/OpenXR/Content/Devices/GoogleDaydream/MI_GoogleDaydream.uasset" 1421
"../../../Engine/Plugins/Runtime/OpenXR/Content/Devices/GoogleDaydream/MI_GoogleDaydream.uexp" 1422
"../../../Engine/Plugins/Runtime/OpenXR/Content/Devices/GoogleDaydream/GoogleDaydreamController.uasset" 1423
"../../../Engine/Plugins/Runtime/OpenXR/Content/Devices/GoogleDaydream/GoogleDaydreamController.uexp" 1424
"../../../Engine/Plugins/Runtime/OpenXR/Content/Devices/HTCVive/BaseTexture.uasset" 1425
"../../../Engine/Plugins/Runtime/OpenXR/Content/Devices/HTCVive/BaseTexture.uexp" 1426
"../../../Engine/Plugins/Runtime/OpenXR/Content/Devices/HTCVive/BaseTexture.ubulk" 1427
"../../../Engine/Plugins/Runtime/OpenXR/Content/Devices/HTCVive/MI_HTCVive.uasset" 1428
"../../../Engine/Plugins/Runtime/OpenXR/Content/Devices/HTCVive/MI_HTCVive.uexp" 1429
"../../../Engine/Plugins/Runtime/OpenXR/Content/Devices/HTCVive/HTCViveController.uasset" 1430
"../../../Engine/Plugins/Runtime/OpenXR/Content/Devices/HTCVive/HTCViveController.uexp" 1431
"../../../Engine/Plugins/Runtime/OpenXR/Content/Devices/MicrosoftMixedReality/NormalTexture.uasset" 1432
"../../../Engine/Plugins/Runtime/OpenXR/Content/Devices/MicrosoftMixedReality/NormalTexture.uexp" 1433
"../../../Engine/Plugins/Runtime/OpenXR/Content/Devices/MicrosoftMixedReality/NormalTexture.ubulk" 1434
"../../../Engine/Plugins/Runtime/OpenXR/Content/Devices/MicrosoftMixedReality/MRTexture.uasset" 1435
"../../../Engine/Plugins/Runtime/OpenXR/Content/Devices/MicrosoftMixedReality/MRTexture.uexp" 1436
"../../../Engine/Plugins/Runtime/OpenXR/Content/Devices/MicrosoftMixedReality/MRTexture.ubulk" 1437
"../../../Engine/Plugins/Runtime/OpenXR/Content/Devices/MicrosoftMixedReality/EmissiveTexture.uasset" 1438
"../../../Engine/Plugins/Runtime/OpenXR/Content/Devices/MicrosoftMixedReality/EmissiveTexture.uexp" 1439
"../../../Engine/Plugins/Runtime/OpenXR/Content/Devices/MicrosoftMixedReality/EmissiveTexture.ubulk" 1440
"../../../Engine/Plugins/Runtime/OpenXR/Content/Devices/MicrosoftMixedReality/BaseTexture.uasset" 1441
"../../../Engine/Plugins/Runtime/OpenXR/Content/Devices/MicrosoftMixedReality/BaseTexture.uexp" 1442
"../../../Engine/Plugins/Runtime/OpenXR/Content/Devices/MicrosoftMixedReality/BaseTexture.ubulk" 1443
"../../../Engine/Plugins/Runtime/OpenXR/Content/Devices/MicrosoftMixedReality/MI_MicrosoftMixedReality.uasset" 1444
"../../../Engine/Plugins/Runtime/OpenXR/Content/Devices/MicrosoftMixedReality/MI_MicrosoftMixedReality.uexp" 1445
"../../../Engine/Plugins/Runtime/OpenXR/Content/Devices/MicrosoftMixedReality/Left/left_MicrosoftMixedRealityController.uasset" 1446
"../../../Engine/Plugins/Runtime/OpenXR/Content/Devices/MicrosoftMixedReality/Left/left_MicrosoftMixedRealityController.uexp" 1447
"../../../Engine/Plugins/Runtime/OpenXR/Content/Devices/MicrosoftMixedReality/Right/right_MicrosoftMixedRealityController.uasset" 1448
"../../../Engine/Plugins/Runtime/OpenXR/Content/Devices/MicrosoftMixedReality/Right/right_MicrosoftMixedRealityController.uexp" 1449
"../../../Engine/Plugins/Runtime/OpenXR/Content/Devices/OculusGo/BaseTexture.uasset" 1450
"../../../Engine/Plugins/Runtime/OpenXR/Content/Devices/OculusGo/BaseTexture.uexp" 1451
"../../../Engine/Plugins/Runtime/OpenXR/Content/Devices/OculusGo/BaseTexture.ubulk" 1452
"../../../Engine/Plugins/Runtime/OpenXR/Content/Devices/OculusGo/MI_OculusGo.uasset" 1453
"../../../Engine/Plugins/Runtime/OpenXR/Content/Devices/OculusGo/MI_OculusGo.uexp" 1454
"../../../Engine/Plugins/Runtime/OpenXR/Content/Devices/OculusGo/OculusGoController.uasset" 1455
"../../../Engine/Plugins/Runtime/OpenXR/Content/Devices/OculusGo/OculusGoController.uexp" 1456
"../../../Engine/Plugins/Runtime/OpenXR/Content/Devices/OculusTouch/MRTexture.uasset" 1457
"../../../Engine/Plugins/Runtime/OpenXR/Content/Devices/OculusTouch/MRTexture.uexp" 1458
"../../../Engine/Plugins/Runtime/OpenXR/Content/Devices/OculusTouch/MRTexture.ubulk" 1459
"../../../Engine/Plugins/Runtime/OpenXR/Content/Devices/OculusTouch/BaseTexture.uasset" 1460
"../../../Engine/Plugins/Runtime/OpenXR/Content/Devices/OculusTouch/BaseTexture.uexp" 1461
"../../../Engine/Plugins/Runtime/OpenXR/Content/Devices/OculusTouch/BaseTexture.ubulk" 1462
"../../../Engine/Plugins/Runtime/OpenXR/Content/Devices/OculusTouch/MI_OculusTouch.uasset" 1463
"../../../Engine/Plugins/Runtime/OpenXR/Content/Devices/OculusTouch/MI_OculusTouch.uexp" 1464
"../../../Engine/Plugins/Runtime/OpenXR/Content/Devices/OculusTouch/Left/left_OculusTouchController.uasset" 1465
"../../../Engine/Plugins/Runtime/OpenXR/Content/Devices/OculusTouch/Left/left_OculusTouchController.uexp" 1466
"../../../Engine/Plugins/Runtime/OpenXR/Content/Devices/OculusTouch/Right/right_OculusTouchController.uasset" 1467
"../../../Engine/Plugins/Runtime/OpenXR/Content/Devices/OculusTouch/Right/right_OculusTouchController.uexp" 1468
"../../../Engine/Plugins/Runtime/OpenXR/Content/Devices/OculusTouch_v2/BaseTexture.uasset" 1469
"../../../Engine/Plugins/Runtime/OpenXR/Content/Devices/OculusTouch_v2/BaseTexture.uexp" 1470
"../../../Engine/Plugins/Runtime/OpenXR/Content/Devices/OculusTouch_v2/BaseTexture.ubulk" 1471
"../../../Engine/Plugins/Runtime/OpenXR/Content/Devices/OculusTouch_v2/MRTexture.uasset" 1472
"../../../Engine/Plugins/Runtime/OpenXR/Content/Devices/OculusTouch_v2/MRTexture.uexp" 1473
"../../../Engine/Plugins/Runtime/OpenXR/Content/Devices/OculusTouch_v2/MRTexture.ubulk" 1474
"../../../Engine/Plugins/Runtime/OpenXR/Content/Devices/OculusTouch_v2/MI_OculusTouch_v2.uasset" 1475
"../../../Engine/Plugins/Runtime/OpenXR/Content/Devices/OculusTouch_v2/MI_OculusTouch_v2.uexp" 1476
"../../../Engine/Plugins/Runtime/OpenXR/Content/Devices/OculusTouch_v2/Left/left_OculusTouch_v2Controller.uasset" 1477
"../../../Engine/Plugins/Runtime/OpenXR/Content/Devices/OculusTouch_v2/Left/left_OculusTouch_v2Controller.uexp" 1478
"../../../Engine/Plugins/Runtime/OpenXR/Content/Devices/OculusTouch_v2/Right/right_OculusTouch_v2Controller.uasset" 1479
"../../../Engine/Plugins/Runtime/OpenXR/Content/Devices/OculusTouch_v2/Right/right_OculusTouch_v2Controller.uexp" 1480
"../../../Engine/Plugins/Runtime/OpenXR/Content/Devices/OculusTouch_v3/MRTexture.uasset" 1481
"../../../Engine/Plugins/Runtime/OpenXR/Content/Devices/OculusTouch_v3/MRTexture.uexp" 1482
"../../../Engine/Plugins/Runtime/OpenXR/Content/Devices/OculusTouch_v3/MRTexture.ubulk" 1483
"../../../Engine/Plugins/Runtime/OpenXR/Content/Devices/OculusTouch_v3/BaseTexture.uasset" 1484
"../../../Engine/Plugins/Runtime/OpenXR/Content/Devices/OculusTouch_v3/BaseTexture.uexp" 1485
"../../../Engine/Plugins/Runtime/OpenXR/Content/Devices/OculusTouch_v3/BaseTexture.ubulk" 1486
"../../../Engine/Plugins/Runtime/OpenXR/Content/Devices/OculusTouch_v3/MI_OculusTouch_v3.uasset" 1487
"../../../Engine/Plugins/Runtime/OpenXR/Content/Devices/OculusTouch_v3/MI_OculusTouch_v3.uexp" 1488
"../../../Engine/Plugins/Runtime/OpenXR/Content/Devices/OculusTouch_v3/Left/left_OculusTouch_v3Controller.uasset" 1489
"../../../Engine/Plugins/Runtime/OpenXR/Content/Devices/OculusTouch_v3/Left/left_OculusTouch_v3Controller.uexp" 1490
"../../../Engine/Plugins/Runtime/OpenXR/Content/Devices/OculusTouch_v3/Right/right_OculusTouch_v3Controller.uasset" 1491
"../../../Engine/Plugins/Runtime/OpenXR/Content/Devices/OculusTouch_v3/Right/right_OculusTouch_v3Controller.uexp" 1492
"../../../Engine/Plugins/Runtime/OpenXR/Content/Devices/ValveIndex/MRTexture.uasset" 1493
"../../../Engine/Plugins/Runtime/OpenXR/Content/Devices/ValveIndex/MRTexture.uexp" 1494
"../../../Engine/Plugins/Runtime/OpenXR/Content/Devices/ValveIndex/MRTexture.ubulk" 1495
"../../../Engine/Plugins/Runtime/OpenXR/Content/Devices/ValveIndex/BaseTexture.uasset" 1496
"../../../Engine/Plugins/Runtime/OpenXR/Content/Devices/ValveIndex/BaseTexture.uexp" 1497
"../../../Engine/Plugins/Runtime/OpenXR/Content/Devices/ValveIndex/BaseTexture.ubulk" 1498
"../../../Engine/Plugins/Runtime/OpenXR/Content/Devices/ValveIndex/Left/MI_left_ValveIndex.uasset" 1499
"../../../Engine/Plugins/Runtime/OpenXR/Content/Devices/ValveIndex/Left/MI_left_ValveIndex.uexp" 1500
"../../../Engine/Plugins/Runtime/OpenXR/Content/Devices/ValveIndex/Left/left_ValveIndexController.uasset" 1501
"../../../Engine/Plugins/Runtime/OpenXR/Content/Devices/ValveIndex/Left/left_ValveIndexController.uexp" 1502
"../../../Engine/Plugins/Runtime/OpenXR/Content/Devices/ValveIndex/Right/MI_right_ValveIndex.uasset" 1503
"../../../Engine/Plugins/Runtime/OpenXR/Content/Devices/ValveIndex/Right/MI_right_ValveIndex.uexp" 1504
"../../../Engine/Plugins/Runtime/OpenXR/Content/Devices/ValveIndex/Right/right_ValveIndexController.uasset" 1505
"../../../Engine/Plugins/Runtime/OpenXR/Content/Devices/ValveIndex/Right/right_ValveIndexController.uexp" 1506
"../../../Engine/Content/Functions/Engine_MaterialFunctions02/Utility/BreakOutFloat4Components.uasset" 1507
"../../../Engine/Content/Functions/Engine_MaterialFunctions02/Utility/BreakOutFloat4Components.uexp" 1508
"../../../Engine/Content/Functions/Engine_MaterialFunctions02/Utility/MakeFloat3.uasset" 1509
"../../../Engine/Content/Functions/Engine_MaterialFunctions02/Utility/MakeFloat3.uexp" 1510
"../../../Engine/Plugins/Runtime/Oculus/OculusVR/Content/Materials/OculusMR_ChromaKey.uasset" 1511
"../../../Engine/Plugins/Runtime/Oculus/OculusVR/Content/Materials/OculusMR_ChromaKey.uexp" 1512
"../../../Engine/Plugins/Runtime/Oculus/OculusVR/Content/Materials/OculusMR_OpaqueColoredMaterial.uasset" 1513
"../../../Engine/Plugins/Runtime/Oculus/OculusVR/Content/Materials/OculusMR_OpaqueColoredMaterial.uexp" 1514
"../../../Engine/Plugins/Runtime/Oculus/OculusVR/Content/Materials/PokeAHoleMaterial.uasset" 1515
"../../../Engine/Plugins/Runtime/Oculus/OculusVR/Content/Materials/PokeAHoleMaterial.uexp" 1516
"../../../Engine/Plugins/Runtime/Oculus/OculusVR/Content/Textures/touchController_controlmap.uasset" 1517
"../../../Engine/Plugins/Runtime/Oculus/OculusVR/Content/Textures/touchController_controlmap.uexp" 1518
"../../../Engine/Plugins/Runtime/Oculus/OculusVR/Content/Textures/touchController_controlmap.ubulk" 1519
"../../../Engine/Plugins/Runtime/Oculus/OculusVR/Content/Textures/touchController_albedo.uasset" 1520
"../../../Engine/Plugins/Runtime/Oculus/OculusVR/Content/Textures/touchController_albedo.uexp" 1521
"../../../Engine/Plugins/Runtime/Oculus/OculusVR/Content/Textures/touchController_albedo.ubulk" 1522
"../../../Engine/Plugins/Runtime/Oculus/OculusVR/Content/Materials/touchController_mat.uasset" 1523
"../../../Engine/Plugins/Runtime/Oculus/OculusVR/Content/Materials/touchController_mat.uexp" 1524
"../../../Engine/Plugins/Runtime/Oculus/OculusVR/Content/Meshes/LeftTouchController.uasset" 1525
"../../../Engine/Plugins/Runtime/Oculus/OculusVR/Content/Meshes/LeftTouchController.uexp" 1526
"../../../Engine/Plugins/Runtime/Oculus/OculusVR/Content/Textures/TouchForQuestRiftSController_albedo.uasset" 1527
"../../../Engine/Plugins/Runtime/Oculus/OculusVR/Content/Textures/TouchForQuestRiftSController_albedo.uexp" 1528
"../../../Engine/Plugins/Runtime/Oculus/OculusVR/Content/Textures/TouchForQuestRiftSController_albedo.ubulk" 1529
"../../../Engine/Plugins/Runtime/Oculus/OculusVR/Content/Materials/TouchForQuestRiftSControllerMaterial.uasset" 1530
"../../../Engine/Plugins/Runtime/Oculus/OculusVR/Content/Materials/TouchForQuestRiftSControllerMaterial.uexp" 1531
"../../../Engine/Plugins/Runtime/Oculus/OculusVR/Content/Meshes/LeftTouchForQuestRiftSController.uasset" 1532
"../../../Engine/Plugins/Runtime/Oculus/OculusVR/Content/Meshes/LeftTouchForQuestRiftSController.uexp" 1533
"../../../Engine/Plugins/Runtime/Oculus/OculusVR/Content/Meshes/RiftHMD.uasset" 1534
"../../../Engine/Plugins/Runtime/Oculus/OculusVR/Content/Meshes/RiftHMD.uexp" 1535
"../../../Engine/Plugins/Runtime/Oculus/OculusVR/Content/Meshes/RightTouchController.uasset" 1536
"../../../Engine/Plugins/Runtime/Oculus/OculusVR/Content/Meshes/RightTouchController.uexp" 1537
"../../../Engine/Plugins/Runtime/Oculus/OculusVR/Content/Meshes/RightTouchForQuestRiftSController.uasset" 1538
"../../../Engine/Plugins/Runtime/Oculus/OculusVR/Content/Meshes/RightTouchForQuestRiftSController.uexp" 1539
"../../../Engine/Content/BasicShapes/Cube.uasset" 1540
"../../../Engine/Content/BasicShapes/Cube.uexp" 1541
"../../../Engine/Content/Functions/Engine_MaterialFunctions02/Math/AddComponents.uasset" 1542
"../../../Engine/Content/Functions/Engine_MaterialFunctions02/Math/AddComponents.uexp" 1543
"C:/Users/Sean Mercer/Documents/GitHub/CardsForHumanity/Content/Materials-Textures/M_PostProcess_Outline.uasset" 1544
"C:/Users/Sean Mercer/Documents/GitHub/CardsForHumanity/Content/Materials-Textures/M_PostProcess_Outline.uexp" 1545
"C:/Users/Sean Mercer/Documents/GitHub/CardsForHumanity/Content/Materials-Textures/M_PostProcess_Outline_Inst.uasset" 1546
"C:/Users/Sean Mercer/Documents/GitHub/CardsForHumanity/Content/Materials-Textures/M_PostProcess_Outline_Inst.uexp" 1547
"C:/Users/Sean Mercer/Documents/GitHub/CardsForHumanity/Content/Materials-Textures/M_PostProcess_CelShading.uasset" 1548
"C:/Users/Sean Mercer/Documents/GitHub/CardsForHumanity/Content/Materials-Textures/M_PostProcess_CelShading.uexp" 1549
"C:/Users/Sean Mercer/Documents/GitHub/CardsForHumanity/Content/Materials-Textures/M_PostProcess_CelShading_Inst.uasset" 1550
"C:/Users/Sean Mercer/Documents/GitHub/CardsForHumanity/Content/Materials-Textures/M_PostProcess_CelShading_Inst.uexp" 1551
"C:/Users/Sean Mercer/Documents/GitHub/CardsForHumanity/Content/Materials-Textures/Red.uasset" 1552
"C:/Users/Sean Mercer/Documents/GitHub/CardsForHumanity/Content/Materials-Textures/Red.uexp" 1553
"../../../Engine/Content/EngineDebugMaterials/VertexColorViewMode_BlueOnly.uasset" 1554
"../../../Engine/Content/EngineDebugMaterials/VertexColorViewMode_BlueOnly.uexp" 1555
"../../../Engine/Content/BasicShapes/BasicShapeMaterial.uasset" 1556
"../../../Engine/Content/BasicShapes/BasicShapeMaterial.uexp" 1557
"C:/Users/Sean Mercer/Documents/GitHub/CardsForHumanity/Content/Maps/Map_LobbyLevel_BuiltData.uasset" 1558
"C:/Users/Sean Mercer/Documents/GitHub/CardsForHumanity/Content/Maps/Map_LobbyLevel_BuiltData.uexp" 1559
"C:/Users/Sean Mercer/Documents/GitHub/CardsForHumanity/Content/Maps/Map_LobbyLevel_BuiltData.ubulk" 1560
"C:/Users/Sean Mercer/Documents/GitHub/CardsForHumanity/Content/Maps/Map_LobbyLevel.uexp" 1561
"C:/Users/Sean Mercer/Documents/GitHub/CardsForHumanity/Content/Maps/Map_LobbyLevel.umap" 1562
"C:/Users/Sean Mercer/Documents/GitHub/CardsForHumanity/Content/Materials-Textures/T_Wall.uasset" 1563
"C:/Users/Sean Mercer/Documents/GitHub/CardsForHumanity/Content/Materials-Textures/T_Wall.uexp" 1564
"C:/Users/Sean Mercer/Documents/GitHub/CardsForHumanity/Content/Materials-Textures/T_Wall.ubulk" 1565
"C:/Users/Sean Mercer/Documents/GitHub/CardsForHumanity/Content/Materials-Textures/M_Wall.uasset" 1566
"C:/Users/Sean Mercer/Documents/GitHub/CardsForHumanity/Content/Materials-Textures/M_Wall.uexp" 1567
"C:/Users/Sean Mercer/Documents/GitHub/CardsForHumanity/Content/Meshes/Wall.uasset" 1568
"C:/Users/Sean Mercer/Documents/GitHub/CardsForHumanity/Content/Meshes/Wall.uexp" 1569
"C:/Users/Sean Mercer/Documents/GitHub/CardsForHumanity/Content/Meshes/TornPaper.uasset" 1570
"C:/Users/Sean Mercer/Documents/GitHub/CardsForHumanity/Content/Meshes/TornPaper.uexp" 1571
"C:/Users/Sean Mercer/Documents/GitHub/CardsForHumanity/Content/Meshes/ThumbTack.uasset" 1572
"C:/Users/Sean Mercer/Documents/GitHub/CardsForHumanity/Content/Meshes/ThumbTack.uexp" 1573
"C:/Users/Sean Mercer/Documents/GitHub/CardsForHumanity/Content/Materials-Textures/T_WoodFloor.uasset" 1574
"C:/Users/Sean Mercer/Documents/GitHub/CardsForHumanity/Content/Materials-Textures/T_WoodFloor.uexp" 1575
"C:/Users/Sean Mercer/Documents/GitHub/CardsForHumanity/Content/Materials-Textures/T_WoodFloor.ubulk" 1576
"C:/Users/Sean Mercer/Documents/GitHub/CardsForHumanity/Content/Materials-Textures/N_WoodFloor_Normals.uasset" 1577
"C:/Users/Sean Mercer/Documents/GitHub/CardsForHumanity/Content/Materials-Textures/N_WoodFloor_Normals.uexp" 1578
"C:/Users/Sean Mercer/Documents/GitHub/CardsForHumanity/Content/Materials-Textures/N_WoodFloor_Normals.ubulk" 1579
"C:/Users/Sean Mercer/Documents/GitHub/CardsForHumanity/Content/Materials-Textures/M_WoodFloor.uasset" 1580
"C:/Users/Sean Mercer/Documents/GitHub/CardsForHumanity/Content/Materials-Textures/M_WoodFloor.uexp" 1581
"C:/Users/Sean Mercer/Documents/GitHub/CardsForHumanity/Content/Meshes/StartingRoomFloor.uasset" 1582
"C:/Users/Sean Mercer/Documents/GitHub/CardsForHumanity/Content/Meshes/StartingRoomFloor.uexp" 1583
"C:/Users/Sean Mercer/Documents/GitHub/CardsForHumanity/Content/Materials-Textures/Texture_Phone_1.uasset" 1584
"C:/Users/Sean Mercer/Documents/GitHub/CardsForHumanity/Content/Materials-Textures/Texture_Phone_1.uexp" 1585
"C:/Users/Sean Mercer/Documents/GitHub/CardsForHumanity/Content/Materials-Textures/Texture_Phone_1.ubulk" 1586
"C:/Users/Sean Mercer/Documents/GitHub/CardsForHumanity/Content/Meshes/Material_001.uasset" 1587
"C:/Users/Sean Mercer/Documents/GitHub/CardsForHumanity/Content/Meshes/Material_001.uexp" 1588
"C:/Users/Sean Mercer/Documents/GitHub/CardsForHumanity/Content/Materials-Textures/Texture_Phone.uasset" 1589
"C:/Users/Sean Mercer/Documents/GitHub/CardsForHumanity/Content/Materials-Textures/Texture_Phone.uexp" 1590
"C:/Users/Sean Mercer/Documents/GitHub/CardsForHumanity/Content/Materials-Textures/Texture_Phone.ubulk" 1591
"C:/Users/Sean Mercer/Documents/GitHub/CardsForHumanity/Content/Meshes/Material.uasset" 1592
"C:/Users/Sean Mercer/Documents/GitHub/CardsForHumanity/Content/Meshes/Material.uexp" 1593
"C:/Users/Sean Mercer/Documents/GitHub/CardsForHumanity/Content/Meshes/Phone.uasset" 1594
"C:/Users/Sean Mercer/Documents/GitHub/CardsForHumanity/Content/Meshes/Phone.uexp" 1595
"C:/Users/Sean Mercer/Documents/GitHub/CardsForHumanity/Content/Materials-Textures/T_LiU_Logo_Board.uasset" 1596
"C:/Users/Sean Mercer/Documents/GitHub/CardsForHumanity/Content/Materials-Textures/T_LiU_Logo_Board.uexp" 1597
"C:/Users/Sean Mercer/Documents/GitHub/CardsForHumanity/Content/Materials-Textures/M_LiUBoard.uasset" 1598
"C:/Users/Sean Mercer/Documents/GitHub/CardsForHumanity/Content/Materials-Textures/M_LiUBoard.uexp" 1599
"C:/Users/Sean Mercer/Documents/GitHub/CardsForHumanity/Content/Meshes/LogoBoard.uasset" 1600
"C:/Users/Sean Mercer/Documents/GitHub/CardsForHumanity/Content/Meshes/LogoBoard.uexp" 1601
"C:/Users/Sean Mercer/Documents/GitHub/CardsForHumanity/Content/Materials-Textures/T_Keyboard.uasset" 1602
"C:/Users/Sean Mercer/Documents/GitHub/CardsForHumanity/Content/Materials-Textures/T_Keyboard.uexp" 1603
"C:/Users/Sean Mercer/Documents/GitHub/CardsForHumanity/Content/Materials-Textures/T_Keyboard.ubulk" 1604
"C:/Users/Sean Mercer/Documents/GitHub/CardsForHumanity/Content/Materials-Textures/M_Keyboard.uasset" 1605
"C:/Users/Sean Mercer/Documents/GitHub/CardsForHumanity/Content/Materials-Textures/M_Keyboard.uexp" 1606
"C:/Users/Sean Mercer/Documents/GitHub/CardsForHumanity/Content/Meshes/Keyboard.uasset" 1607
"C:/Users/Sean Mercer/Documents/GitHub/CardsForHumanity/Content/Meshes/Keyboard.uexp" 1608
"C:/Users/Sean Mercer/Documents/GitHub/CardsForHumanity/Content/Materials-Textures/T_Desk.uasset" 1609
"C:/Users/Sean Mercer/Documents/GitHub/CardsForHumanity/Content/Materials-Textures/T_Desk.uexp" 1610
"C:/Users/Sean Mercer/Documents/GitHub/CardsForHumanity/Content/Materials-Textures/T_Desk.ubulk" 1611
"C:/Users/Sean Mercer/Documents/GitHub/CardsForHumanity/Content/Materials-Textures/M_Desk.uasset" 1612
"C:/Users/Sean Mercer/Documents/GitHub/CardsForHumanity/Content/Materials-Textures/M_Desk.uexp" 1613
"C:/Users/Sean Mercer/Documents/GitHub/CardsForHumanity/Content/Meshes/Desk.uasset" 1614
"C:/Users/Sean Mercer/Documents/GitHub/CardsForHumanity/Content/Meshes/Desk.uexp" 1615
"C:/Users/Sean Mercer/Documents/GitHub/CardsForHumanity/Content/Materials-Textures/M_Bookshelf.uasset" 1616
"C:/Users/Sean Mercer/Documents/GitHub/CardsForHumanity/Content/Materials-Textures/M_Bookshelf.uexp" 1617
"C:/Users/Sean Mercer/Documents/GitHub/CardsForHumanity/Content/Meshes/BookShelf.uasset" 1618
"C:/Users/Sean Mercer/Documents/GitHub/CardsForHumanity/Content/Meshes/BookShelf.uexp" 1619
"C:/Users/Sean Mercer/Documents/GitHub/CardsForHumanity/Content/Blueprints/CardStuff/TEST_Widget_OptionsMenu.uasset" 1620
"C:/Users/Sean Mercer/Documents/GitHub/CardsForHumanity/Content/Blueprints/CardStuff/TEST_Widget_OptionsMenu.uexp" 1621
"C:/Users/Sean Mercer/Documents/GitHub/CardsForHumanity/Content/Materials-Textures/TornPaper_Tex.uasset" 1622
"C:/Users/Sean Mercer/Documents/GitHub/CardsForHumanity/Content/Materials-Textures/TornPaper_Tex.uexp" 1623
"C:/Users/Sean Mercer/Documents/GitHub/CardsForHumanity/Content/Materials-Textures/TornPaper_Tex.ubulk" 1624
"C:/Users/Sean Mercer/Documents/GitHub/CardsForHumanity/Content/Materials-Textures/TornPaper_Mat.uasset" 1625
"C:/Users/Sean Mercer/Documents/GitHub/CardsForHumanity/Content/Materials-Textures/TornPaper_Mat.uexp" 1626
"C:/Users/Sean Mercer/Documents/GitHub/CardsForHumanity/Content/Materials-Textures/Texture_Lamp_Bulb.uasset" 1627
"C:/Users/Sean Mercer/Documents/GitHub/CardsForHumanity/Content/Materials-Textures/Texture_Lamp_Bulb.uexp" 1628
"C:/Users/Sean Mercer/Documents/GitHub/CardsForHumanity/Content/Materials-Textures/Texture_Lamp_Bulb.ubulk" 1629
"C:/Users/Sean Mercer/Documents/GitHub/CardsForHumanity/Content/Materials-Textures/M_Lamp_Bulb.uasset" 1630
"C:/Users/Sean Mercer/Documents/GitHub/CardsForHumanity/Content/Materials-Textures/M_Lamp_Bulb.uexp" 1631
"C:/Users/Sean Mercer/Documents/GitHub/CardsForHumanity/Content/Materials-Textures/Texture_Lamp_Base.uasset" 1632
"C:/Users/Sean Mercer/Documents/GitHub/CardsForHumanity/Content/Materials-Textures/Texture_Lamp_Base.uexp" 1633
"C:/Users/Sean Mercer/Documents/GitHub/CardsForHumanity/Content/Materials-Textures/Texture_Lamp_Base.ubulk" 1634
"C:/Users/Sean Mercer/Documents/GitHub/CardsForHumanity/Content/Materials-Textures/M_Lamp_Base.uasset" 1635
"C:/Users/Sean Mercer/Documents/GitHub/CardsForHumanity/Content/Materials-Textures/M_Lamp_Base.uexp" 1636
"C:/Users/Sean Mercer/Documents/GitHub/CardsForHumanity/Content/Meshes/Lamp.uasset" 1637
"C:/Users/Sean Mercer/Documents/GitHub/CardsForHumanity/Content/Meshes/Lamp.uexp" 1638
"C:/Users/Sean Mercer/Documents/GitHub/CardsForHumanity/Content/Blueprints/Extras/Lamp.uasset" 1639
"C:/Users/Sean Mercer/Documents/GitHub/CardsForHumanity/Content/Blueprints/Extras/Lamp.uexp" 1640
"C:/Users/Sean Mercer/Documents/GitHub/CardsForHumanity/Content/Materials-Textures/T_Book_Brown.uasset" 1641
"C:/Users/Sean Mercer/Documents/GitHub/CardsForHumanity/Content/Materials-Textures/T_Book_Brown.uexp" 1642
"C:/Users/Sean Mercer/Documents/GitHub/CardsForHumanity/Content/Materials-Textures/T_Book_Brown.ubulk" 1643
"C:/Users/Sean Mercer/Documents/GitHub/CardsForHumanity/Content/Materials-Textures/M_Book_Master.uasset" 1644
"C:/Users/Sean Mercer/Documents/GitHub/CardsForHumanity/Content/Materials-Textures/M_Book_Master.uexp" 1645
"C:/Users/Sean Mercer/Documents/GitHub/CardsForHumanity/Content/Materials-Textures/M_Book_Inst.uasset" 1646
"C:/Users/Sean Mercer/Documents/GitHub/CardsForHumanity/Content/Materials-Textures/M_Book_Inst.uexp" 1647
"C:/Users/Sean Mercer/Documents/GitHub/CardsForHumanity/Content/Data/S_BookTitles.uasset" 1648
"C:/Users/Sean Mercer/Documents/GitHub/CardsForHumanity/Content/Data/S_BookTitles.uexp" 1649
"C:/Users/Sean Mercer/Documents/GitHub/CardsForHumanity/Content/Data/DT_BookTitles.uasset" 1650
"C:/Users/Sean Mercer/Documents/GitHub/CardsForHumanity/Content/Data/DT_BookTitles.uexp" 1651
"C:/Users/Sean Mercer/Documents/GitHub/CardsForHumanity/Content/Materials-Textures/T_Book_Yellow.uasset" 1652
"C:/Users/Sean Mercer/Documents/GitHub/CardsForHumanity/Content/Materials-Textures/T_Book_Yellow.uexp" 1653
"C:/Users/Sean Mercer/Documents/GitHub/CardsForHumanity/Content/Materials-Textures/T_Book_Yellow.ubulk" 1654
"C:/Users/Sean Mercer/Documents/GitHub/CardsForHumanity/Content/Materials-Textures/T_Book_Red.uasset" 1655
"C:/Users/Sean Mercer/Documents/GitHub/CardsForHumanity/Content/Materials-Textures/T_Book_Red.uexp" 1656
"C:/Users/Sean Mercer/Documents/GitHub/CardsForHumanity/Content/Materials-Textures/T_Book_Red.ubulk" 1657
"C:/Users/Sean Mercer/Documents/GitHub/CardsForHumanity/Content/Materials-Textures/T_Book_Purple.uasset" 1658
"C:/Users/Sean Mercer/Documents/GitHub/CardsForHumanity/Content/Materials-Textures/T_Book_Purple.uexp" 1659
"C:/Users/Sean Mercer/Documents/GitHub/CardsForHumanity/Content/Materials-Textures/T_Book_Purple.ubulk" 1660
"C:/Users/Sean Mercer/Documents/GitHub/CardsForHumanity/Content/Materials-Textures/T_Book_Green.uasset" 1661
"C:/Users/Sean Mercer/Documents/GitHub/CardsForHumanity/Content/Materials-Textures/T_Book_Green.uexp" 1662
"C:/Users/Sean Mercer/Documents/GitHub/CardsForHumanity/Content/Materials-Textures/T_Book_Green.ubulk" 1663
"C:/Users/Sean Mercer/Documents/GitHub/CardsForHumanity/Content/Materials-Textures/T_Book_Cyan.uasset" 1664
"C:/Users/Sean Mercer/Documents/GitHub/CardsForHumanity/Content/Materials-Textures/T_Book_Cyan.uexp" 1665
"C:/Users/Sean Mercer/Documents/GitHub/CardsForHumanity/Content/Materials-Textures/T_Book_Cyan.ubulk" 1666
"C:/Users/Sean Mercer/Documents/GitHub/CardsForHumanity/Content/Materials-Textures/T_Book_Blue.uasset" 1667
"C:/Users/Sean Mercer/Documents/GitHub/CardsForHumanity/Content/Materials-Textures/T_Book_Blue.uexp" 1668
"C:/Users/Sean Mercer/Documents/GitHub/CardsForHumanity/Content/Materials-Textures/T_Book_Blue.ubulk" 1669
"C:/Users/Sean Mercer/Documents/GitHub/CardsForHumanity/Content/Materials-Textures/T_Book_Black.uasset" 1670
"C:/Users/Sean Mercer/Documents/GitHub/CardsForHumanity/Content/Materials-Textures/T_Book_Black.uexp" 1671
"C:/Users/Sean Mercer/Documents/GitHub/CardsForHumanity/Content/Materials-Textures/T_Book_Black.ubulk" 1672
"C:/Users/Sean Mercer/Documents/GitHub/CardsForHumanity/Content/Data/S_Texture.uasset" 1673
"C:/Users/Sean Mercer/Documents/GitHub/CardsForHumanity/Content/Data/S_Texture.uexp" 1674
"C:/Users/Sean Mercer/Documents/GitHub/CardsForHumanity/Content/Data/DT_BookTextures.uasset" 1675
"C:/Users/Sean Mercer/Documents/GitHub/CardsForHumanity/Content/Data/DT_BookTextures.uexp" 1676
"C:/Users/Sean Mercer/Documents/GitHub/CardsForHumanity/Content/Meshes/Book.uasset" 1677
"C:/Users/Sean Mercer/Documents/GitHub/CardsForHumanity/Content/Meshes/Book.uexp" 1678
"C:/Users/Sean Mercer/Documents/GitHub/CardsForHumanity/Content/Blueprints/Extras/Widget_BookTitle.uasset" 1679
"C:/Users/Sean Mercer/Documents/GitHub/CardsForHumanity/Content/Blueprints/Extras/Widget_BookTitle.uexp" 1680
"C:/Users/Sean Mercer/Documents/GitHub/CardsForHumanity/Content/Blueprints/Extras/A_Book.uasset" 1681
"C:/Users/Sean Mercer/Documents/GitHub/CardsForHumanity/Content/Blueprints/Extras/A_Book.uexp" 1682
"C:/Users/Sean Mercer/Documents/GitHub/CardsForHumanity/Content/Blueprints/CardStuff/MainMenuCards/Unlockables_Card_Child.uasset" 1683
"C:/Users/Sean Mercer/Documents/GitHub/CardsForHumanity/Content/Blueprints/CardStuff/MainMenuCards/Unlockables_Card_Child.uexp" 1684
"C:/Users/Sean Mercer/Documents/GitHub/CardsForHumanity/Content/Blueprints/CardStuff/MainMenuCards/QuitGame_Card_Child.uasset" 1685
"C:/Users/Sean Mercer/Documents/GitHub/CardsForHumanity/Content/Blueprints/CardStuff/MainMenuCards/QuitGame_Card_Child.uexp" 1686
"C:/Users/Sean Mercer/Documents/GitHub/CardsForHumanity/Content/Maps/Map_MainMenu.uexp" 1687
"C:/Users/Sean Mercer/Documents/GitHub/CardsForHumanity/Content/Maps/Map_MainMenu.umap" 1688
"C:/Users/Sean Mercer/Documents/GitHub/CardsForHumanity/Content/Maps/TransitionMap.uexp" 1689
"C:/Users/Sean Mercer/Documents/GitHub/CardsForHumanity/Content/Maps/TransitionMap.umap" 1690
"C:/Users/Sean Mercer/Documents/GitHub/CardsForHumanity/Content/WallTexture.uasset" 1691
"C:/Users/Sean Mercer/Documents/GitHub/CardsForHumanity/Content/WallTexture.uexp" 1692
"C:/Users/Sean Mercer/Documents/GitHub/CardsForHumanity/Content/WallTexture_Mat.uasset" 1693
"C:/Users/Sean Mercer/Documents/GitHub/CardsForHumanity/Content/WallTexture_Mat.uexp" 1694
"../../../Engine/Content/MapTemplates/SM_Template_Map_Floor.uasset" 1695
"../../../Engine/Content/MapTemplates/SM_Template_Map_Floor.uexp" 1696
"C:/Users/Sean Mercer/Documents/GitHub/CardsForHumanity/Content/Maps/Map_MainGame.uexp" 1697
"C:/Users/Sean Mercer/Documents/GitHub/CardsForHumanity/Content/Maps/Map_MainGame.umap" 1698
"../../../Engine/Content/Maps/Entry_BuiltData.uasset" 1699
"../../../Engine/Content/Maps/Entry_BuiltData.uexp" 1700
"../../../Engine/Content/Maps/Entry.uexp" 1701
"../../../Engine/Content/Maps/Entry.umap" 1702
